name,rut,gender,birth_date,observation_date,heart_rate,diastolic_blood_pressure,systolic_blood_pressure
Gaspar Matías Meza Alfaro,19080686-3,male,1973-04-07,1989-06-06,91,66.5,93.9
Lucas Matías Herrera Romero,15725416-2,male,2009-12-26,2018-08-31,85,86.5,123.5
Gaspar Matías Meza Alfaro,19080686-3,male,1973-04-07,1975-07-12,92,79.2,112.4
Leonor Sofía Morales Navarro,19530830-6,female,1973-08-15,2019-04-21,77,95.0,136.6
Maite Maite Ojeda Fuentealba,19943131-5,female,2012-05-12,2021-06-20,67,77.4,109.8
Matías Agustín Alvarado Castro,13459723-2,male,1988-09-25,2010-11-01,96,79.2,109.2
Gabriel Gaspar Lobos Zuñiga,16278919-8,non_binary,1969-04-04,2011-12-31,59,93.2,134.0
Matías Agustín Alvarado Castro,13459723-2,male,1988-09-25,1992-07-23,86,88.4,124.3
María Julieta Rodriguez Espinoza,12442036-9,female,1955-10-01,1972-05-29,72,84.8,120.8
Agustina Renata Correa Salinas,16602354-8,female,1993-12-19,2021-02-11,77,88.7,124.1
Gaspar Matías Meza Alfaro,19080686-3,male,1973-04-07,2019-06-03,93,97.9,139.3
María Isabella Arias Carvajal,12092913-5,female,1952-07-18,2018-10-21,65,125.5,181.6
Matías Agustín Alvarado Castro,13459723-2,male,1988-09-25,1993-05-16,92,77.5,108.2
Martina Emma Lara Gaete,17600320-0,female,2019-12-16,2020-10-14,68,80.3,111.6
Leonor Sofía Morales Navarro,19530830-6,female,1973-08-15,2016-07-30,63,96.8,139.8
Julián Matías Quiroz Alvarado,16516966-2,male,2004-07-18,2009-05-06,86,82.6,115.3
Luciano José Salgado Espinoza,14912860-3,male,1974-07-09,2001-12-07,92,80.8,116.2
María Isabella Arias Carvajal,12092913-5,female,1952-07-18,1976-07-13,69,92.6,129.3
Agustina Renata Correa Salinas,16602354-8,female,1993-12-19,2013-12-26,72,91.3,127.4
Vicente Gabriel Valdebenito Guerra,17926353-k,male,1957-12-18,1996-01-30,91,83.4,119.5
Agustina Renata Correa Salinas,16602354-8,female,1993-12-19,1996-08-29,70,90.9,128.6
Maximiliano Lucas Avila Valencia,15166596-9,male,2006-12-17,2021-01-28,84,91.0,127.4
Gabriel Gaspar Lobos Zuñiga,16278919-8,non_binary,1969-04-04,1985-06-28,67,95.3,137.3
Luciano José Salgado Espinoza,14912860-3,male,1974-07-09,2006-01-08,87,77.2,108.5
Julián Matías Quiroz Alvarado,16516966-2,male,2004-07-18,2016-04-05,89,80.5,115.8
Maite Maite Ojeda Fuentealba,19943131-5,female,2012-05-12,2018-09-17,69,91.7,128.4
María Mia Maldonado Retamal,13226673-5,female,2014-05-01,2020-07-12,73,93.5,131.2
Julián Matías Quiroz Alvarado,16516966-2,male,2004-07-18,2006-08-11,82,85.1,119.6
Agustina Renata Correa Salinas,16602354-8,female,1993-12-19,2012-12-22,77,94.5,132.2
Lucas Joaquín Donoso Tapia,16044094-5,male,1973-10-22,2003-12-05,87,84.3,119.0
Leonor Sofía Morales Navarro,19530830-6,female,1973-08-15,1978-12-25,65,101.3,147.4
María Mia Maldonado Retamal,13226673-5,female,2014-05-01,2019-10-20,71,77.2,110.4
Luciano José Salgado Espinoza,14912860-3,male,1974-07-09,1984-07-15,91,85.4,119.9
Leonor Sofía Morales Navarro,19530830-6,female,1973-08-15,2010-12-08,75,93.4,130.7
Luciano José Salgado Espinoza,14912860-3,male,1974-07-09,2016-12-08,91,77.1,107.4
Leonor Sofía Morales Navarro,19530830-6,female,1973-08-15,1982-11-04,74,87.9,124.1
María Mia Maldonado Retamal,13226673-5,female,2014-05-01,2019-10-03,72,88.6,123.8
Martina Emma Lara Gaete,17600320-0,female,2019-12-16,2021-05-18,79,84.3,118.5
Leonor Sofía Morales Navarro,19530830-6,female,1973-08-15,1997-06-11,67,87.5,122.1
Lucas Joaquín Donoso Tapia,16044094-5,male,1973-10-22,2003-03-07,91,82.1,115.5
Luciano José Salgado Espinoza,14912860-3,male,1974-07-09,2008-09-21,80,96.0,137.9
Martina Emma Lara Gaete,17600320-0,female,2019-12-16,2020-04-02,62,91.8,130.1
Lucas Joaquín Donoso Tapia,16044094-5,male,1973-10-22,1981-02-25,88,94.0,136.3
María Isabella Arias Carvajal,12092913-5,female,1952-07-18,2000-10-20,67,98.8,139.9
María Mia Maldonado Retamal,13226673-5,female,2014-05-01,2020-09-28,72,88.7,126.5
Gaspar Matías Meza Alfaro,19080686-3,male,1973-04-07,1987-08-19,90,87.4,125.3
Gaspar Matías Meza Alfaro,19080686-3,male,1973-04-07,1978-03-09,91,85.5,123.2
Martina Emma Lara Gaete,17600320-0,female,2019-12-16,2020-04-03,72,82.8,117.0
Gabriel Gaspar Lobos Zuñiga,16278919-8,non_binary,1969-04-04,1986-02-12,76,89.1,124.6
Matías Agustín Alvarado Castro,13459723-2,male,1988-09-25,2012-12-27,93,85.7,121.5
Luciano José Salgado Espinoza,14912860-3,male,1974-07-09,2007-07-29,88,82.0,116.7
Agustina Renata Correa Salinas,16602354-8,female,1993-12-19,2008-06-03,68,100.1,140.5
Leonor Sofía Morales Navarro,19530830-6,female,1973-08-15,1990-10-13,70,88.8,126.8
Maximiliano Lucas Avila Valencia,15166596-9,male,2006-12-17,2017-08-01,87,89.5,128.3
Isabella Sofía Guerrero Perez,11554536-1,female,2020-12-03,2021-01-02,72,76.7,109.9
Gaspar Matías Meza Alfaro,19080686-3,male,1973-04-07,1998-06-02,87,87.0,123.1
Julián Matías Quiroz Alvarado,16516966-2,male,2004-07-18,2013-08-16,89,75.3,105.1
Julián Matías Quiroz Alvarado,16516966-2,male,2004-07-18,2013-06-02,99,84.1,117.3
Matías Agustín Alvarado Castro,13459723-2,male,1988-09-25,2011-07-14,83,83.5,118.1
Lucas Matías Herrera Romero,15725416-2,male,2009-12-26,2015-01-14,90,85.0,118.1
Luciano José Salgado Espinoza,14912860-3,male,1974-07-09,2020-08-29,95,85.4,121.2
Lucas Matías Herrera Romero,15725416-2,male,2009-12-26,2015-11-18,87,92.5,131.3
Maite Maite Ojeda Fuentealba,19943131-5,female,2012-05-12,2020-06-29,79,81.5,112.8
Agustina Renata Correa Salinas,16602354-8,female,1993-12-19,2002-07-19,70,91.6,132.2
Leonor Sofía Morales Navarro,19530830-6,female,1973-08-15,2005-01-25,61,91.4,128.1
Julián Matías Quiroz Alvarado,16516966-2,male,2004-07-18,2016-09-05,83,90.8,125.4
Maite Maite Ojeda Fuentealba,19943131-5,female,2012-05-12,2020-05-14,65,94.2,133.7
Luciano José Salgado Espinoza,14912860-3,male,1974-07-09,2010-02-15,88,92.1,128.9
Isabella Sofía Guerrero Perez,11554536-1,female,2020-12-03,2021-01-11,68,97.2,140.9
Maximiliano Lucas Avila Valencia,15166596-9,male,2006-12-17,2020-11-16,94,87.0,123.2
Matías Agustín Alvarado Castro,13459723-2,male,1988-09-25,2005-10-19,87,78.4,111.7
María Mia Maldonado Retamal,13226673-5,female,2014-05-01,2020-10-02,75,76.7,105.8
Luciano José Salgado Espinoza,14912860-3,male,1974-07-09,1979-08-28,86,75.9,105.8
Maite Maite Ojeda Fuentealba,19943131-5,female,2012-05-12,2015-10-12,69,90.9,129.9
Leonor Sofía Morales Navarro,19530830-6,female,1973-08-15,2013-12-27,62,76.8,108.4
Luciano José Salgado Espinoza,14912860-3,male,1974-07-09,1981-11-16,91,69.7,99.4
Leonor Sofía Morales Navarro,19530830-6,female,1973-08-15,2002-10-22,77,88.1,125.6
Gaspar Matías Meza Alfaro,19080686-3,male,1973-04-07,2018-02-23,85,86.9,123.7
Agustina Renata Correa Salinas,16602354-8,female,1993-12-19,2001-01-29,68,84.1,117.1
Tomás José Jara Gallardo,13325727-6,male,1975-12-01,1982-08-23,78,98.4,139.0
Martina Emma Lara Gaete,17600320-0,female,2019-12-16,2020-12-26,73,70.6,100.0
Leonor Sofía Morales Navarro,19530830-6,female,1973-08-15,1987-01-06,74,83.5,119.4
Vicente Gabriel Valdebenito Guerra,17926353-k,male,1957-12-18,1975-10-13,92,84.6,118.8
Martina Emma Lara Gaete,17600320-0,female,2019-12-16,2020-04-11,71,70.6,97.8
María Julieta Rodriguez Espinoza,12442036-9,female,1955-10-01,2006-03-07,75,102.3,145.7
Lucas Joaquín Donoso Tapia,16044094-5,male,1973-10-22,1996-11-05,92,89.4,127.0
Gaspar Matías Meza Alfaro,19080686-3,male,1973-04-07,2002-02-02,89,90.4,125.0
Gaspar Matías Meza Alfaro,19080686-3,male,1973-04-07,2009-09-08,95,80.4,114.2
Leonor Sofía Morales Navarro,19530830-6,female,1973-08-15,2001-07-19,69,101.7,144.2
Gaspar Matías Meza Alfaro,19080686-3,male,1973-04-07,1995-12-24,90,81.1,114.7
Gabriel Gaspar Lobos Zuñiga,16278919-8,non_binary,1969-04-04,2004-06-28,73,84.4,119.1
Lucas Matías Herrera Romero,15725416-2,male,2009-12-26,2015-10-14,90,85.9,120.6
Lucas Joaquín Donoso Tapia,16044094-5,male,1973-10-22,2012-11-30,88,96.2,137.9
Martina Emma Lara Gaete,17600320-0,female,2019-12-16,2020-03-15,65,82.1,115.8
María Julieta Rodriguez Espinoza,12442036-9,female,1955-10-01,2003-01-15,73,103.2,144.5
María Isabella Arias Carvajal,12092913-5,female,1952-07-18,1966-01-31,75,91.1,127.1
Luciano José Salgado Espinoza,14912860-3,male,1974-07-09,1977-12-13,86,75.9,103.1
Leonor Sofía Morales Navarro,19530830-6,female,1973-08-15,1976-12-07,68,82.3,115.1
Maite Maite Ojeda Fuentealba,19943131-5,female,2012-05-12,2015-01-20,76,93.0,130.1
Luciano José Salgado Espinoza,14912860-3,male,1974-07-09,1975-08-03,95,84.0,120.1
Maite Maite Ojeda Fuentealba,19943131-5,female,2012-05-12,2021-01-22,70,82.1,115.3
María Isabella Arias Carvajal,12092913-5,female,1952-07-18,1995-04-23,68,99.7,142.9
Luciano José Salgado Espinoza,14912860-3,male,1974-07-09,1998-06-10,82,77.3,108.5
Gabriel Gaspar Lobos Zuñiga,16278919-8,non_binary,1969-04-04,1977-07-09,73,92.5,127.8
Maximiliano Lucas Avila Valencia,15166596-9,male,2006-12-17,2008-06-20,93,77.5,110.0
María Julieta Rodriguez Espinoza,12442036-9,female,1955-10-01,2019-08-18,64,111.0,159.7
Isabella Sofía Guerrero Perez,11554536-1,female,2020-12-03,2021-04-11,75,83.2,119.6
Leonor Sofía Morales Navarro,19530830-6,female,1973-08-15,1977-12-05,68,76.7,107.2
Lucas Matías Herrera Romero,15725416-2,male,2009-12-26,2017-02-27,98,91.5,132.3
Julián Matías Quiroz Alvarado,16516966-2,male,2004-07-18,2004-11-03,95,88.2,126.9
Luciano José Salgado Espinoza,14912860-3,male,1974-07-09,2013-02-24,84,83.8,117.5
Maite Maite Ojeda Fuentealba,19943131-5,female,2012-05-12,2019-06-17,67,77.8,111.3
Luciano José Salgado Espinoza,14912860-3,male,1974-07-09,1989-05-21,89,81.3,114.4
María Isabella Arias Carvajal,12092913-5,female,1952-07-18,2017-12-09,68,127.6,181.1
Lucas Matías Herrera Romero,15725416-2,male,2009-12-26,2013-10-05,87,82.6,115.8
Julián Matías Quiroz Alvarado,16516966-2,male,2004-07-18,2008-07-25,88,84.8,120.8
Trinidad Maite Caceres Araneda,15267051-6,female,1968-08-17,1996-08-02,72,79.7,112.1
Agustina Renata Correa Salinas,16602354-8,female,1993-12-19,2018-12-01,62,86.5,121.0
María Julieta Rodriguez Espinoza,12442036-9,female,1955-10-01,1965-07-13,72,87.2,125.6
Lucas Matías Herrera Romero,15725416-2,male,2009-12-26,2010-10-26,89,76.9,107.6
María Isabella Arias Carvajal,12092913-5,female,1952-07-18,2006-02-05,71,85.8,121.9
Martina Emma Lara Gaete,17600320-0,female,2019-12-16,2020-12-27,63,85.0,120.1
Luciano José Salgado Espinoza,14912860-3,male,1974-07-09,1978-06-11,98,84.0,121.3
Lucas Joaquín Donoso Tapia,16044094-5,male,1973-10-22,1996-12-07,85,72.9,102.0
Maite Maite Ojeda Fuentealba,19943131-5,female,2012-05-12,2020-03-03,58,76.2,107.7
Julián Matías Quiroz Alvarado,16516966-2,male,2004-07-18,2011-01-24,98,75.7,105.6
Martina Emma Lara Gaete,17600320-0,female,2019-12-16,2020-11-28,70,89.1,126.4
María Mia Maldonado Retamal,13226673-5,female,2014-05-01,2018-09-03,69,82.1,116.4
Matías Agustín Alvarado Castro,13459723-2,male,1988-09-25,2004-05-22,95,72.2,104.0
Gaspar Matías Meza Alfaro,19080686-3,male,1973-04-07,1976-08-26,94,87.3,124.8
Gaspar Matías Meza Alfaro,19080686-3,male,1973-04-07,1987-12-01,91,98.2,139.9
Vicente Gabriel Valdebenito Guerra,17926353-k,male,1957-12-18,2009-07-05,91,99.8,142.9
Maite Maite Ojeda Fuentealba,19943131-5,female,2012-05-12,2019-12-20,73,97.1,138.7
María Mia Maldonado Retamal,13226673-5,female,2014-05-01,2018-12-13,73,82.0,116.3
Martina Emma Lara Gaete,17600320-0,female,2019-12-16,2021-01-30,66,83.8,118.4
Martina Emma Lara Gaete,17600320-0,female,2019-12-16,2020-05-06,70,94.0,134.8
Martina Emma Lara Gaete,17600320-0,female,2019-12-16,2020-09-24,64,88.3,123.9
María Julieta Rodriguez Espinoza,12442036-9,female,1955-10-01,1979-06-12,69,95.3,137.6
Gaspar Matías Meza Alfaro,19080686-3,male,1973-04-07,1979-12-29,92,86.0,118.7
Lucas Joaquín Donoso Tapia,16044094-5,male,1973-10-22,2009-12-21,86,88.4,123.8
Lucas Joaquín Donoso Tapia,16044094-5,male,1973-10-22,1975-09-12,91,79.6,110.7
Maite Maite Ojeda Fuentealba,19943131-5,female,2012-05-12,2015-02-07,71,91.8,131.0
Lucas Joaquín Donoso Tapia,16044094-5,male,1973-10-22,2012-06-26,88,75.5,105.1
Gaspar Matías Meza Alfaro,19080686-3,male,1973-04-07,1980-09-19,89,97.4,138.2
Leonor Sofía Morales Navarro,19530830-6,female,1973-08-15,2021-03-22,69,85.5,120.8
Luciano José Salgado Espinoza,14912860-3,male,1974-07-09,2001-11-21,93,85.9,122.8
Lucas Joaquín Donoso Tapia,16044094-5,male,1973-10-22,2001-04-07,89,81.2,114.7
Matías Agustín Alvarado Castro,13459723-2,male,1988-09-25,1992-11-26,89,85.6,122.4
Trinidad Maite Caceres Araneda,15267051-6,female,1968-08-17,1988-03-23,72,84.1,117.5
Matías Agustín Alvarado Castro,13459723-2,male,1988-09-25,2011-06-27,88,79.9,112.6
Lucas Joaquín Donoso Tapia,16044094-5,male,1973-10-22,2002-03-03,85,86.1,122.5
Isabella Sofía Guerrero Perez,11554536-1,female,2020-12-03,2020-12-26,83,74.3,101.9
María Julieta Rodriguez Espinoza,12442036-9,female,1955-10-01,1995-04-15,60,97.4,139.3
Maximiliano Lucas Avila Valencia,15166596-9,male,2006-12-17,2013-05-01,85,91.5,127.8
Agustina Renata Correa Salinas,16602354-8,female,1993-12-19,2011-06-03,66,91.1,130.1
Julián Matías Quiroz Alvarado,16516966-2,male,2004-07-18,2016-08-25,89,90.5,125.0
María Julieta Rodriguez Espinoza,12442036-9,female,1955-10-01,1981-02-26,80,86.2,122.1
Matías Agustín Alvarado Castro,13459723-2,male,1988-09-25,1998-08-08,86,88.3,122.6
Matías Agustín Alvarado Castro,13459723-2,male,1988-09-25,2000-02-10,90,82.2,117.6
Maximiliano Lucas Avila Valencia,15166596-9,male,2006-12-17,2010-06-13,84,86.0,124.3
Matías Agustín Alvarado Castro,13459723-2,male,1988-09-25,2012-03-06,92,89.8,128.4
Matías Agustín Alvarado Castro,13459723-2,male,1988-09-25,2011-08-10,92,81.6,114.5
Tomás José Jara Gallardo,13325727-6,male,1975-12-01,2006-07-06,82,82.8,118.2
María Mia Maldonado Retamal,13226673-5,female,2014-05-01,2020-05-29,63,85.6,120.4
Gaspar Matías Meza Alfaro,19080686-3,male,1973-04-07,2002-04-06,88,84.6,120.3
Maximiliano Lucas Avila Valencia,15166596-9,male,2006-12-17,2008-04-23,81,91.1,128.2
Lucas Matías Herrera Romero,15725416-2,male,2009-12-26,2016-07-08,89,84.5,121.1
María Mia Maldonado Retamal,13226673-5,female,2014-05-01,2016-05-05,68,75.5,106.8
Maite Maite Ojeda Fuentealba,19943131-5,female,2012-05-12,2013-12-16,68,80.8,111.8
María Julieta Rodriguez Espinoza,12442036-9,female,1955-10-01,2018-07-21,77,111.1,158.9
Matías Agustín Alvarado Castro,13459723-2,male,1988-09-25,1997-04-12,91,89.8,128.3
Gabriel Gaspar Lobos Zuñiga,16278919-8,non_binary,1969-04-04,2004-05-26,59,79.1,107.7
Julián Matías Quiroz Alvarado,16516966-2,male,2004-07-18,2018-09-23,89,86.9,121.5
Lucas Joaquín Donoso Tapia,16044094-5,male,1973-10-22,2013-12-21,98,79.9,110.6
Luciano José Salgado Espinoza,14912860-3,male,1974-07-09,1994-12-02,83,93.8,131.5
Lucas Joaquín Donoso Tapia,16044094-5,male,1973-10-22,2018-09-18,99,104.7,150.2
María Mia Maldonado Retamal,13226673-5,female,2014-05-01,2021-06-27,78,79.0,109.0
Maite Maite Ojeda Fuentealba,19943131-5,female,2012-05-12,2017-02-03,69,83.9,116.6
Leonor Sofía Morales Navarro,19530830-6,female,1973-08-15,2012-08-22,56,81.1,115.8
Maite Maite Ojeda Fuentealba,19943131-5,female,2012-05-12,2020-06-29,61,95.6,134.3
Martina Emma Lara Gaete,17600320-0,female,2019-12-16,2021-05-31,70,81.5,117.5
Gaspar Matías Meza Alfaro,19080686-3,male,1973-04-07,2002-03-13,86,87.3,122.0
Maite Maite Ojeda Fuentealba,19943131-5,female,2012-05-12,2012-10-11,76,91.2,128.3
María Isabella Arias Carvajal,12092913-5,female,1952-07-18,1993-02-25,77,84.4,117.9
Lucas Matías Herrera Romero,15725416-2,male,2009-12-26,2011-01-11,95,79.0,111.0
Gaspar Matías Meza Alfaro,19080686-3,male,1973-04-07,2017-11-12,91,86.5,122.1
Maite Maite Ojeda Fuentealba,19943131-5,female,2012-05-12,2017-07-14,65,83.5,116.1
Martina Emma Lara Gaete,17600320-0,female,2019-12-16,2021-02-02,63,89.7,127.3
Luciano José Salgado Espinoza,14912860-3,male,1974-07-09,2010-12-10,88,69.9,99.7
Lucas Matías Herrera Romero,15725416-2,male,2009-12-26,2011-04-26,80,75.3,109.1
Lucas Matías Herrera Romero,15725416-2,male,2009-12-26,2021-06-29,95,81.2,115.8
Gabriel Gaspar Lobos Zuñiga,16278919-8,non_binary,1969-04-04,1979-10-25,64,94.8,136.2
Maite Maite Ojeda Fuentealba,19943131-5,female,2012-05-12,2018-11-13,69,82.8,116.8
Gaspar Matías Meza Alfaro,19080686-3,male,1973-04-07,1981-12-02,90,78.6,111.4
Maite Maite Ojeda Fuentealba,19943131-5,female,2012-05-12,2019-08-11,71,83.4,117.5
Maite Maite Ojeda Fuentealba,19943131-5,female,2012-05-12,2014-05-12,60,92.0,130.5
Julián Matías Quiroz Alvarado,16516966-2,male,2004-07-18,2018-06-07,89,82.6,117.5
Leonor Sofía Morales Navarro,19530830-6,female,1973-08-15,1974-01-23,71,79.2,112.2
Gaspar Matías Meza Alfaro,19080686-3,male,1973-04-07,1991-08-20,94,92.0,130.6
Gaspar Matías Meza Alfaro,19080686-3,male,1973-04-07,1982-05-29,82,78.8,108.9
Matías Agustín Alvarado Castro,13459723-2,male,1988-09-25,1997-04-27,85,82.7,114.1
Lucas Joaquín Donoso Tapia,16044094-5,male,1973-10-22,1987-03-16,88,83.3,116.6
Tomás José Jara Gallardo,13325727-6,male,1975-12-01,1992-10-12,82,89.7,126.1
Trinidad Maite Caceres Araneda,15267051-6,female,1968-08-17,1983-05-20,72,91.3,128.3
Leonor Sofía Morales Navarro,19530830-6,female,1973-08-15,1996-06-07,68,85.9,120.5
Leonor Sofía Morales Navarro,19530830-6,female,1973-08-15,2012-08-08,72,98.0,140.3
María Mia Maldonado Retamal,13226673-5,female,2014-05-01,2016-07-04,70,88.1,123.7
Lucas Matías Herrera Romero,15725416-2,male,2009-12-26,2015-04-28,88,79.7,114.2
Tomás José Jara Gallardo,13325727-6,male,1975-12-01,1982-10-14,81,91.9,130.7
Lucas Joaquín Donoso Tapia,16044094-5,male,1973-10-22,1994-08-09,92,86.5,123.3
Lucas Matías Herrera Romero,15725416-2,male,2009-12-26,2019-01-14,95,98.6,139.3
Matías Agustín Alvarado Castro,13459723-2,male,1988-09-25,1995-09-08,79,78.5,111.6
Agustina Renata Correa Salinas,16602354-8,female,1993-12-19,2006-06-02,64,86.4,120.5
María Mia Maldonado Retamal,13226673-5,female,2014-05-01,2019-01-24,68,88.9,125.5
Maite Maite Ojeda Fuentealba,19943131-5,female,2012-05-12,2017-04-04,78,90.4,124.8
Luciano José Salgado Espinoza,14912860-3,male,1974-07-09,1976-02-07,93,80.6,110.9
Lucas Joaquín Donoso Tapia,16044094-5,male,1973-10-22,1974-07-08,89,76.0,105.8
Julián Matías Quiroz Alvarado,16516966-2,male,2004-07-18,2008-03-05,83,96.0,140.1
Gaspar Matías Meza Alfaro,19080686-3,male,1973-04-07,1974-08-12,85,99.8,140.4
Vicente Gabriel Valdebenito Guerra,17926353-k,male,1957-12-18,1971-08-18,88,84.6,117.8
Agustina Renata Correa Salinas,16602354-8,female,1993-12-19,2015-02-13,68,81.1,108.2
Maite Maite Ojeda Fuentealba,19943131-5,female,2012-05-12,2020-05-22,62,96.1,136.5
Martina Emma Lara Gaete,17600320-0,female,2019-12-16,2019-12-28,64,81.2,114.5
Luciano José Salgado Espinoza,14912860-3,male,1974-07-09,1991-10-05,85,90.9,126.5
Lucas Matías Herrera Romero,15725416-2,male,2009-12-26,2017-01-27,96,85.1,122.9
María Mia Maldonado Retamal,13226673-5,female,2014-05-01,2021-06-02,73,87.1,121.2
Isabella Sofía Guerrero Perez,11554536-1,female,2020-12-03,2020-12-06,68,92.4,130.8
María Isabella Arias Carvajal,12092913-5,female,1952-07-18,1971-04-25,67,92.3,130.4
Matías Agustín Alvarado Castro,13459723-2,male,1988-09-25,2019-08-30,93,91.7,131.8
Matías Agustín Alvarado Castro,13459723-2,male,1988-09-25,2015-01-01,95,91.7,128.2
Lucas Joaquín Donoso Tapia,16044094-5,male,1973-10-22,1987-09-26,85,77.2,108.6
Isabella Sofía Guerrero Perez,11554536-1,female,2020-12-03,2021-02-10,62,85.2,118.2
Luciano José Salgado Espinoza,14912860-3,male,1974-07-09,1976-10-20,96,86.1,124.4
Lucas Joaquín Donoso Tapia,16044094-5,male,1973-10-22,2016-02-22,97,81.2,113.7
Luciano José Salgado Espinoza,14912860-3,male,1974-07-09,1984-11-13,94,81.6,112.9
Leonor Sofía Morales Navarro,19530830-6,female,1973-08-15,1984-05-05,64,84.4,119.0
Lucas Joaquín Donoso Tapia,16044094-5,male,1973-10-22,1991-06-06,85,81.3,114.0
Tomás José Jara Gallardo,13325727-6,male,1975-12-01,2011-09-13,93,85.8,121.9
Luciano José Salgado Espinoza,14912860-3,male,1974-07-09,2021-01-24,91,95.5,136.6
Lucas Matías Herrera Romero,15725416-2,male,2009-12-26,2020-05-06,82,81.5,113.6
Julián Matías Quiroz Alvarado,16516966-2,male,2004-07-18,2015-03-17,98,98.3,142.8
María Julieta Rodriguez Espinoza,12442036-9,female,1955-10-01,1985-01-08,64,72.0,99.2
Martina Emma Lara Gaete,17600320-0,female,2019-12-16,2020-09-26,76,103.5,145.8
Vicente Gabriel Valdebenito Guerra,17926353-k,male,1957-12-18,2008-02-24,91,104.4,147.3
María Julieta Rodriguez Espinoza,12442036-9,female,1955-10-01,1971-01-24,74,78.2,112.9
Leonor Sofía Morales Navarro,19530830-6,female,1973-08-15,1977-08-24,71,79.4,110.3
Luciano José Salgado Espinoza,14912860-3,male,1974-07-09,2003-12-10,81,77.8,108.5
Trinidad Maite Caceres Araneda,15267051-6,female,1968-08-17,1997-12-31,69,77.5,105.8
Lucas Matías Herrera Romero,15725416-2,male,2009-12-26,2016-05-30,94,87.3,124.2
María Isabella Arias Carvajal,12092913-5,female,1952-07-18,2008-09-04,65,113.1,162.9
Vicente Gabriel Valdebenito Guerra,17926353-k,male,1957-12-18,2015-01-23,95,100.6,143.8
Julián Matías Quiroz Alvarado,16516966-2,male,2004-07-18,2012-08-01,84,82.3,117.2
Gaspar Matías Meza Alfaro,19080686-3,male,1973-04-07,1989-01-30,89,87.9,125.9
Leonor Sofía Morales Navarro,19530830-6,female,1973-08-15,1977-07-22,72,86.5,123.4
Agustina Renata Correa Salinas,16602354-8,female,1993-12-19,2018-09-04,74,89.8,125.5
Maximiliano Lucas Avila Valencia,15166596-9,male,2006-12-17,2009-06-04,87,90.3,127.6
Matías Agustín Alvarado Castro,13459723-2,male,1988-09-25,1992-05-15,81,87.3,122.4
Gaspar Matías Meza Alfaro,19080686-3,male,1973-04-07,1973-05-24,90,89.7,127.7
Martina Emma Lara Gaete,17600320-0,female,2019-12-16,2021-03-06,70,86.3,125.0
María Mia Maldonado Retamal,13226673-5,female,2014-05-01,2018-08-09,67,87.2,123.1
Maite Maite Ojeda Fuentealba,19943131-5,female,2012-05-12,2013-12-26,72,88.9,124.2
Lucas Matías Herrera Romero,15725416-2,male,2009-12-26,2017-09-05,79,89.1,126.1
María Mia Maldonado Retamal,13226673-5,female,2014-05-01,2015-02-21,74,92.1,131.6
Julián Matías Quiroz Alvarado,16516966-2,male,2004-07-18,2007-12-05,86,85.0,120.3
Matías Agustín Alvarado Castro,13459723-2,male,1988-09-25,2000-07-31,84,76.4,108.6
Gaspar Matías Meza Alfaro,19080686-3,male,1973-04-07,2012-10-30,102,87.6,121.4
María Mia Maldonado Retamal,13226673-5,female,2014-05-01,2018-04-09,63,95.8,135.6
Lucas Joaquín Donoso Tapia,16044094-5,male,1973-10-22,1982-06-24,90,88.3,123.6
Luciano José Salgado Espinoza,14912860-3,male,1974-07-09,2005-08-27,89,79.2,111.6
Matías Agustín Alvarado Castro,13459723-2,male,1988-09-25,2000-10-23,90,84.4,118.2
Maite Maite Ojeda Fuentealba,19943131-5,female,2012-05-12,2016-04-15,69,82.1,116.4
Matías Agustín Alvarado Castro,13459723-2,male,1988-09-25,1989-03-05,95,90.9,128.2
Martina Emma Lara Gaete,17600320-0,female,2019-12-16,2020-12-22,71,78.9,109.8
Maximiliano Lucas Avila Valencia,15166596-9,male,2006-12-17,2009-03-22,86,82.1,117.5
Matías Agustín Alvarado Castro,13459723-2,male,1988-09-25,2012-08-22,86,88.0,122.8
Matías Agustín Alvarado Castro,13459723-2,male,1988-09-25,2009-07-16,88,79.6,111.3
Julián Matías Quiroz Alvarado,16516966-2,male,2004-07-18,2004-09-01,91,88.4,125.9
Maximiliano Lucas Avila Valencia,15166596-9,male,2006-12-17,2020-12-03,91,78.1,108.9
Agustina Renata Correa Salinas,16602354-8,female,1993-12-19,2001-09-30,71,81.9,117.4
Maite Maite Ojeda Fuentealba,19943131-5,female,2012-05-12,2016-08-17,79,91.8,128.0
María Isabella Arias Carvajal,12092913-5,female,1952-07-18,1971-10-15,62,88.1,121.7
María Isabella Arias Carvajal,12092913-5,female,1952-07-18,1975-08-24,67,85.4,122.2
Leonor Sofía Morales Navarro,19530830-6,female,1973-08-15,1985-03-19,69,93.4,132.4
María Mia Maldonado Retamal,13226673-5,female,2014-05-01,2017-04-08,64,76.7,107.1
Lucas Joaquín Donoso Tapia,16044094-5,male,1973-10-22,2012-01-26,92,98.4,139.5
Julián Matías Quiroz Alvarado,16516966-2,male,2004-07-18,2014-10-11,85,79.0,111.9
Vicente Gabriel Valdebenito Guerra,17926353-k,male,1957-12-18,2010-08-22,103,107.8,154.4
Martina Emma Lara Gaete,17600320-0,female,2019-12-16,2020-08-05,71,84.1,120.2
Vicente Gabriel Valdebenito Guerra,17926353-k,male,1957-12-18,2002-11-07,87,80.0,114.9
María Julieta Rodriguez Espinoza,12442036-9,female,1955-10-01,1985-04-23,70,81.3,114.2
Martina Emma Lara Gaete,17600320-0,female,2019-12-16,2020-11-15,70,82.5,117.1
Luciano José Salgado Espinoza,14912860-3,male,1974-07-09,2003-01-31,87,87.6,119.9
Lucas Joaquín Donoso Tapia,16044094-5,male,1973-10-22,1997-08-09,80,75.6,106.2
Martina Emma Lara Gaete,17600320-0,female,2019-12-16,2020-01-11,64,98.0,140.5
María Mia Maldonado Retamal,13226673-5,female,2014-05-01,2017-12-30,64,94.3,132.3
Lucas Matías Herrera Romero,15725416-2,male,2009-12-26,2010-02-17,85,80.7,109.9
Leonor Sofía Morales Navarro,19530830-6,female,1973-08-15,2009-03-06,73,91.4,129.0
Maximiliano Lucas Avila Valencia,15166596-9,male,2006-12-17,2011-01-21,87,88.8,125.6
Tomás José Jara Gallardo,13325727-6,male,1975-12-01,1985-02-19,87,95.5,138.0
Luciano José Salgado Espinoza,14912860-3,male,1974-07-09,2007-08-25,95,73.8,101.7
Maite Maite Ojeda Fuentealba,19943131-5,female,2012-05-12,2019-03-26,62,84.7,119.6
Lucas Matías Herrera Romero,15725416-2,male,2009-12-26,2017-03-23,93,91.0,127.3
Vicente Gabriel Valdebenito Guerra,17926353-k,male,1957-12-18,1988-11-11,92,88.6,125.1
Vicente Gabriel Valdebenito Guerra,17926353-k,male,1957-12-18,1985-05-15,86,90.4,129.5
Lucas Matías Herrera Romero,15725416-2,male,2009-12-26,2015-09-26,91,97.8,140.3
Lucas Matías Herrera Romero,15725416-2,male,2009-12-26,2012-07-22,87,87.1,123.0
Lucas Matías Herrera Romero,15725416-2,male,2009-12-26,2017-12-04,86,76.3,107.7
Julián Matías Quiroz Alvarado,16516966-2,male,2004-07-18,2017-04-29,91,86.6,121.4
Leonor Sofía Morales Navarro,19530830-6,female,1973-08-15,2020-05-18,79,98.7,139.4
Martina Emma Lara Gaete,17600320-0,female,2019-12-16,2021-03-08,66,84.3,119.5
Julián Matías Quiroz Alvarado,16516966-2,male,2004-07-18,2015-02-07,100,77.2,109.1
Maximiliano Lucas Avila Valencia,15166596-9,male,2006-12-17,2007-07-06,94,87.1,123.1
Gaspar Matías Meza Alfaro,19080686-3,male,1973-04-07,2008-03-08,90,78.0,112.0
Isabella Sofía Guerrero Perez,11554536-1,female,2020-12-03,2021-06-18,59,92.2,130.7
Leonor Sofía Morales Navarro,19530830-6,female,1973-08-15,1995-07-06,70,76.3,108.1
Maite Maite Ojeda Fuentealba,19943131-5,female,2012-05-12,2020-10-01,73,80.3,110.6
Maite Maite Ojeda Fuentealba,19943131-5,female,2012-05-12,2019-01-08,63,91.3,127.7
Matías Agustín Alvarado Castro,13459723-2,male,1988-09-25,2008-07-26,85,84.7,119.8
Luciano José Salgado Espinoza,14912860-3,male,1974-07-09,1989-03-19,92,87.1,122.0
Gaspar Matías Meza Alfaro,19080686-3,male,1973-04-07,1981-07-28,90,73.4,103.6
Lucas Joaquín Donoso Tapia,16044094-5,male,1973-10-22,2001-10-20,97,101.0,142.0
Martina Emma Lara Gaete,17600320-0,female,2019-12-16,2020-05-27,70,85.9,123.4
Matías Agustín Alvarado Castro,13459723-2,male,1988-09-25,2009-02-16,81,86.5,123.1
Julián Matías Quiroz Alvarado,16516966-2,male,2004-07-18,2006-07-14,91,84.8,119.1
Lucas Matías Herrera Romero,15725416-2,male,2009-12-26,2010-02-15,96,85.1,118.5
Julián Matías Quiroz Alvarado,16516966-2,male,2004-07-18,2014-06-08,84,82.8,115.6
María Isabella Arias Carvajal,12092913-5,female,1952-07-18,1994-06-22,69,88.6,126.3
Isabella Sofía Guerrero Perez,11554536-1,female,2020-12-03,2021-05-10,69,79.8,109.6
Maximiliano Lucas Avila Valencia,15166596-9,male,2006-12-17,2010-04-06,93,96.4,136.5
Lucas Joaquín Donoso Tapia,16044094-5,male,1973-10-22,1992-07-02,89,81.2,114.2
Martina Emma Lara Gaete,17600320-0,female,2019-12-16,2020-12-06,74,84.5,117.6
Martina Emma Lara Gaete,17600320-0,female,2019-12-16,2020-10-09,71,85.5,120.2
Lucas Matías Herrera Romero,15725416-2,male,2009-12-26,2018-12-25,95,87.0,121.4
Lucas Matías Herrera Romero,15725416-2,male,2009-12-26,2017-09-17,85,85.2,121.7
Gaspar Matías Meza Alfaro,19080686-3,male,1973-04-07,1989-08-21,85,97.3,140.7
Gaspar Matías Meza Alfaro,19080686-3,male,1973-04-07,2007-06-21,82,77.4,107.1
Trinidad Maite Caceres Araneda,15267051-6,female,1968-08-17,1980-09-15,66,83.7,119.4
Trinidad Maite Caceres Araneda,15267051-6,female,1968-08-17,1987-02-15,71,70.0,98.5
Vicente Gabriel Valdebenito Guerra,17926353-k,male,1957-12-18,1981-05-04,88,72.2,99.3
Agustina Renata Correa Salinas,16602354-8,female,1993-12-19,2016-04-29,74,72.3,101.7
Matías Agustín Alvarado Castro,13459723-2,male,1988-09-25,1989-04-16,89,85.9,120.6
Agustina Renata Correa Salinas,16602354-8,female,1993-12-19,1995-06-22,81,90.0,125.0
Lucas Matías Herrera Romero,15725416-2,male,2009-12-26,2013-08-10,102,82.1,116.8
María Mia Maldonado Retamal,13226673-5,female,2014-05-01,2018-07-21,74,84.1,117.6
Julián Matías Quiroz Alvarado,16516966-2,male,2004-07-18,2018-05-12,90,77.5,109.3
Maite Maite Ojeda Fuentealba,19943131-5,female,2012-05-12,2020-03-01,66,94.3,134.6
Matías Agustín Alvarado Castro,13459723-2,male,1988-09-25,2020-01-28,96,81.2,115.1
Lucas Joaquín Donoso Tapia,16044094-5,male,1973-10-22,1988-05-20,91,81.1,114.5
Lucas Joaquín Donoso Tapia,16044094-5,male,1973-10-22,2014-12-07,92,86.4,123.4
Gaspar Matías Meza Alfaro,19080686-3,male,1973-04-07,1983-01-28,96,96.2,136.6
Martina Emma Lara Gaete,17600320-0,female,2019-12-16,2019-12-28,74,101.0,143.3
María Mia Maldonado Retamal,13226673-5,female,2014-05-01,2018-02-15,75,85.0,120.2
Tomás José Jara Gallardo,13325727-6,male,1975-12-01,1997-08-26,81,83.4,117.5
Lucas Joaquín Donoso Tapia,16044094-5,male,1973-10-22,2017-09-05,82,87.5,124.9
María Mia Maldonado Retamal,13226673-5,female,2014-05-01,2014-05-27,70,74.0,104.8
Martina Emma Lara Gaete,17600320-0,female,2019-12-16,2019-12-21,66,78.8,109.6
Maximiliano Lucas Avila Valencia,15166596-9,male,2006-12-17,2019-09-30,75,89.3,126.9
Luciano José Salgado Espinoza,14912860-3,male,1974-07-09,2010-07-16,102,76.6,104.5
Lucas Joaquín Donoso Tapia,16044094-5,male,1973-10-22,1974-02-01,83,84.9,118.3
Julián Matías Quiroz Alvarado,16516966-2,male,2004-07-18,2015-05-07,99,87.6,127.8
Lucas Joaquín Donoso Tapia,16044094-5,male,1973-10-22,2016-02-02,86,96.0,138.1
María Julieta Rodriguez Espinoza,12442036-9,female,1955-10-01,1963-01-05,67,84.6,119.8
Matías Agustín Alvarado Castro,13459723-2,male,1988-09-25,2009-06-12,91,91.8,130.2
Martina Emma Lara Gaete,17600320-0,female,2019-12-16,2020-04-14,69,70.5,99.4
María Isabella Arias Carvajal,12092913-5,female,1952-07-18,1975-11-24,63,92.1,130.1
Martina Emma Lara Gaete,17600320-0,female,2019-12-16,2019-12-24,66,84.3,119.8
Agustina Renata Correa Salinas,16602354-8,female,1993-12-19,2015-03-16,62,93.3,131.1
Lucas Joaquín Donoso Tapia,16044094-5,male,1973-10-22,1984-11-12,86,81.6,113.2
Maite Maite Ojeda Fuentealba,19943131-5,female,2012-05-12,2019-08-25,73,70.7,96.7
Luciano José Salgado Espinoza,14912860-3,male,1974-07-09,2010-10-12,93,76.6,106.9
Julián Matías Quiroz Alvarado,16516966-2,male,2004-07-18,2006-02-24,85,77.4,107.9
Lucas Matías Herrera Romero,15725416-2,male,2009-12-26,2019-06-22,91,80.7,112.3
Martina Emma Lara Gaete,17600320-0,female,2019-12-16,2020-01-18,66,97.6,138.2
Gaspar Matías Meza Alfaro,19080686-3,male,1973-04-07,2017-04-14,90,94.6,134.4
Julián Matías Quiroz Alvarado,16516966-2,male,2004-07-18,2018-06-06,85,69.6,98.0
Matías Agustín Alvarado Castro,13459723-2,male,1988-09-25,1994-01-05,95,94.8,133.3
María Mia Maldonado Retamal,13226673-5,female,2014-05-01,2016-08-07,64,84.1,116.3
Lucas Joaquín Donoso Tapia,16044094-5,male,1973-10-22,1984-04-15,84,82.3,117.5
Maximiliano Lucas Avila Valencia,15166596-9,male,2006-12-17,2018-09-07,89,86.0,121.3
Lucas Matías Herrera Romero,15725416-2,male,2009-12-26,2017-06-11,83,97.7,139.8
Gaspar Matías Meza Alfaro,19080686-3,male,1973-04-07,1981-09-06,100,94.4,131.5
Martina Emma Lara Gaete,17600320-0,female,2019-12-16,2020-08-26,69,78.9,112.7
María Isabella Arias Carvajal,12092913-5,female,1952-07-18,2010-03-04,77,109.1,158.3
María Mia Maldonado Retamal,13226673-5,female,2014-05-01,2020-12-29,76,76.4,108.1
Lucas Matías Herrera Romero,15725416-2,male,2009-12-26,2010-05-16,78,90.3,128.7
Vicente Gabriel Valdebenito Guerra,17926353-k,male,1957-12-18,1982-03-10,91,96.3,136.7
Luciano José Salgado Espinoza,14912860-3,male,1974-07-09,2003-06-23,88,83.9,116.3
Julián Matías Quiroz Alvarado,16516966-2,male,2004-07-18,2009-02-26,89,77.8,110.2
Luciano José Salgado Espinoza,14912860-3,male,1974-07-09,1981-08-21,91,86.3,122.0
Leonor Sofía Morales Navarro,19530830-6,female,1973-08-15,1977-02-04,61,76.2,106.9
Maite Maite Ojeda Fuentealba,19943131-5,female,2012-05-12,2012-06-08,68,82.3,114.8
Lucas Joaquín Donoso Tapia,16044094-5,male,1973-10-22,2020-07-04,93,88.5,124.8
Agustina Renata Correa Salinas,16602354-8,female,1993-12-19,2010-01-27,79,94.3,132.9
Matías Agustín Alvarado Castro,13459723-2,male,1988-09-25,2004-04-04,98,85.9,119.7
Luciano José Salgado Espinoza,14912860-3,male,1974-07-09,1978-11-25,95,80.8,112.9
María Julieta Rodriguez Espinoza,12442036-9,female,1955-10-01,1991-04-07,77,83.1,120.4
María Isabella Arias Carvajal,12092913-5,female,1952-07-18,1997-04-15,72,103.8,145.5
Matías Agustín Alvarado Castro,13459723-2,male,1988-09-25,2018-11-27,88,73.6,103.6
Gaspar Matías Meza Alfaro,19080686-3,male,1973-04-07,1985-02-17,102,91.3,127.9
Isabella Sofía Guerrero Perez,11554536-1,female,2020-12-03,2021-06-10,65,89.6,125.4
Gaspar Matías Meza Alfaro,19080686-3,male,1973-04-07,1982-09-22,87,82.5,118.3
Martina Emma Lara Gaete,17600320-0,female,2019-12-16,2021-03-14,66,97.5,137.6
Leonor Sofía Morales Navarro,19530830-6,female,1973-08-15,2005-02-26,63,76.3,105.5
Lucas Joaquín Donoso Tapia,16044094-5,male,1973-10-22,1975-08-13,93,87.6,124.7
Agustina Renata Correa Salinas,16602354-8,female,1993-12-19,2021-05-10,64,84.4,117.7
Matías Agustín Alvarado Castro,13459723-2,male,1988-09-25,2000-07-08,90,85.3,119.2
Maximiliano Lucas Avila Valencia,15166596-9,male,2006-12-17,2016-12-20,92,86.6,122.9
Lucas Joaquín Donoso Tapia,16044094-5,male,1973-10-22,1976-08-30,89,64.9,91.4
Maite Maite Ojeda Fuentealba,19943131-5,female,2012-05-12,2013-05-31,73,79.7,111.2
Martina Emma Lara Gaete,17600320-0,female,2019-12-16,2020-05-17,68,82.5,115.2
María Isabella Arias Carvajal,12092913-5,female,1952-07-18,2017-06-11,64,111.9,160.9
Trinidad Maite Caceres Araneda,15267051-6,female,1968-08-17,1975-09-22,70,84.4,118.9
Matías Agustín Alvarado Castro,13459723-2,male,1988-09-25,2015-07-10,89,87.0,125.6
Matías Agustín Alvarado Castro,13459723-2,male,1988-09-25,2001-02-27,87,89.1,124.5
María Isabella Arias Carvajal,12092913-5,female,1952-07-18,1959-04-19,72,68.3,96.3
Luciano José Salgado Espinoza,14912860-3,male,1974-07-09,1985-12-12,77,93.2,134.3
Lucas Joaquín Donoso Tapia,16044094-5,male,1973-10-22,2004-03-20,92,81.4,118.2
Julián Matías Quiroz Alvarado,16516966-2,male,2004-07-18,2019-02-08,86,90.3,125.3
María Isabella Arias Carvajal,12092913-5,female,1952-07-18,2009-04-30,70,110.0,155.4
Lucas Matías Herrera Romero,15725416-2,male,2009-12-26,2012-12-22,87,82.2,115.7
Matías Agustín Alvarado Castro,13459723-2,male,1988-09-25,1989-07-20,95,95.6,135.1
Gaspar Matías Meza Alfaro,19080686-3,male,1973-04-07,2000-06-14,86,91.9,130.2
Lucas Joaquín Donoso Tapia,16044094-5,male,1973-10-22,2000-02-15,97,94.1,134.8
Leonor Sofía Morales Navarro,19530830-6,female,1973-08-15,2009-11-28,72,83.2,117.8
Isabella Sofía Guerrero Perez,11554536-1,female,2020-12-03,2020-12-05,64,90.1,124.9
Maximiliano Lucas Avila Valencia,15166596-9,male,2006-12-17,2018-11-23,94,84.2,121.3
Gaspar Matías Meza Alfaro,19080686-3,male,1973-04-07,2007-05-26,95,89.3,128.0
Vicente Gabriel Valdebenito Guerra,17926353-k,male,1957-12-18,1976-10-12,90,77.4,110.6
Maite Maite Ojeda Fuentealba,19943131-5,female,2012-05-12,2018-09-12,74,81.4,115.1
Lucas Matías Herrera Romero,15725416-2,male,2009-12-26,2016-12-20,86,85.6,120.0
Luciano José Salgado Espinoza,14912860-3,male,1974-07-09,1974-11-10,86,82.9,117.8
María Mia Maldonado Retamal,13226673-5,female,2014-05-01,2020-12-17,69,78.2,111.4
Julián Matías Quiroz Alvarado,16516966-2,male,2004-07-18,2012-12-31,91,77.0,108.0
Gaspar Matías Meza Alfaro,19080686-3,male,1973-04-07,1996-07-31,93,85.9,124.3
Martina Emma Lara Gaete,17600320-0,female,2019-12-16,2020-03-22,60,78.5,110.7
Matías Agustín Alvarado Castro,13459723-2,male,1988-09-25,1991-07-09,88,84.1,117.6
Maite Maite Ojeda Fuentealba,19943131-5,female,2012-05-12,2017-01-25,74,83.8,118.3
Agustina Renata Correa Salinas,16602354-8,female,1993-12-19,2006-10-30,66,74.9,105.5
Luciano José Salgado Espinoza,14912860-3,male,1974-07-09,2004-06-01,84,82.5,117.9
Maite Maite Ojeda Fuentealba,19943131-5,female,2012-05-12,2014-05-16,74,76.8,108.6
Matías Agustín Alvarado Castro,13459723-2,male,1988-09-25,1997-05-22,86,91.9,130.3
Martina Emma Lara Gaete,17600320-0,female,2019-12-16,2020-11-08,79,71.1,100.2
Maite Maite Ojeda Fuentealba,19943131-5,female,2012-05-12,2016-10-03,71,91.3,127.9
María Mia Maldonado Retamal,13226673-5,female,2014-05-01,2015-04-05,71,82.2,114.7
Vicente Gabriel Valdebenito Guerra,17926353-k,male,1957-12-18,1971-02-23,95,81.7,115.4
María Isabella Arias Carvajal,12092913-5,female,1952-07-18,1982-05-13,80,89.8,127.8
María Mia Maldonado Retamal,13226673-5,female,2014-05-01,2020-07-03,72,86.6,124.6
Luciano José Salgado Espinoza,14912860-3,male,1974-07-09,1983-07-17,91,74.0,101.3
María Mia Maldonado Retamal,13226673-5,female,2014-05-01,2014-05-07,69,93.2,133.5
Agustina Renata Correa Salinas,16602354-8,female,1993-12-19,2018-05-26,74,86.0,122.3
Luciano José Salgado Espinoza,14912860-3,male,1974-07-09,1988-09-20,80,81.1,114.1
Lucas Joaquín Donoso Tapia,16044094-5,male,1973-10-22,1994-03-03,93,88.4,127.1
Gaspar Matías Meza Alfaro,19080686-3,male,1973-04-07,1985-06-27,91,85.1,119.2
Maite Maite Ojeda Fuentealba,19943131-5,female,2012-05-12,2012-08-25,66,92.9,131.9
María Mia Maldonado Retamal,13226673-5,female,2014-05-01,2018-02-02,69,84.9,119.5
María Julieta Rodriguez Espinoza,12442036-9,female,1955-10-01,1965-07-23,77,80.7,113.8
Maite Maite Ojeda Fuentealba,19943131-5,female,2012-05-12,2015-08-07,79,88.0,125.5
Maximiliano Lucas Avila Valencia,15166596-9,male,2006-12-17,2012-12-12,101,76.5,107.2
Luciano José Salgado Espinoza,14912860-3,male,1974-07-09,1978-02-04,91,85.9,123.5
Martina Emma Lara Gaete,17600320-0,female,2019-12-16,2020-03-23,69,88.2,124.0
María Mia Maldonado Retamal,13226673-5,female,2014-05-01,2017-03-08,67,85.2,121.6
Luciano José Salgado Espinoza,14912860-3,male,1974-07-09,2008-06-05,87,96.7,139.0
Maite Maite Ojeda Fuentealba,19943131-5,female,2012-05-12,2016-03-27,70,84.6,122.0
Leonor Sofía Morales Navarro,19530830-6,female,1973-08-15,2011-10-18,67,86.6,120.6
Matías Agustín Alvarado Castro,13459723-2,male,1988-09-25,2013-11-13,86,81.3,114.5
Luciano José Salgado Espinoza,14912860-3,male,1974-07-09,2008-08-04,89,85.2,118.7
Luciano José Salgado Espinoza,14912860-3,male,1974-07-09,2001-04-19,90,90.9,130.5
Martina Emma Lara Gaete,17600320-0,female,2019-12-16,2021-03-02,67,92.7,132.5
Lucas Matías Herrera Romero,15725416-2,male,2009-12-26,2010-04-02,90,81.5,115.5
Leonor Sofía Morales Navarro,19530830-6,female,1973-08-15,1987-12-17,70,86.8,122.9
Martina Emma Lara Gaete,17600320-0,female,2019-12-16,2020-11-03,72,90.4,128.7
Maite Maite Ojeda Fuentealba,19943131-5,female,2012-05-12,2019-09-03,67,88.3,124.3
Luciano José Salgado Espinoza,14912860-3,male,1974-07-09,1995-04-14,86,75.3,105.8
Martina Emma Lara Gaete,17600320-0,female,2019-12-16,2021-06-13,66,80.2,110.5
Martina Emma Lara Gaete,17600320-0,female,2019-12-16,2020-07-30,61,78.8,111.1
Luciano José Salgado Espinoza,14912860-3,male,1974-07-09,1998-03-18,96,87.2,123.8
Luciano José Salgado Espinoza,14912860-3,male,1974-07-09,2019-01-16,90,98.3,137.1
Martina Emma Lara Gaete,17600320-0,female,2019-12-16,2020-02-19,69,88.5,125.2
Leonor Sofía Morales Navarro,19530830-6,female,1973-08-15,1982-11-09,73,75.4,105.7
Gaspar Matías Meza Alfaro,19080686-3,male,1973-04-07,1979-07-24,91,83.9,118.7
Vicente Gabriel Valdebenito Guerra,17926353-k,male,1957-12-18,1974-01-22,90,82.4,117.0
Maite Maite Ojeda Fuentealba,19943131-5,female,2012-05-12,2015-03-08,64,82.5,115.0
Luciano José Salgado Espinoza,14912860-3,male,1974-07-09,2012-04-10,93,84.5,118.3
Lucas Matías Herrera Romero,15725416-2,male,2009-12-26,2011-11-22,92,80.2,113.4
Vicente Gabriel Valdebenito Guerra,17926353-k,male,1957-12-18,1995-02-04,93,94.6,131.4
María Julieta Rodriguez Espinoza,12442036-9,female,1955-10-01,2018-01-01,67,118.5,167.4
Lucas Joaquín Donoso Tapia,16044094-5,male,1973-10-22,1974-01-25,85,88.0,123.3
María Isabella Arias Carvajal,12092913-5,female,1952-07-18,2005-09-12,63,118.9,170.6
Lucas Joaquín Donoso Tapia,16044094-5,male,1973-10-22,2010-02-18,95,79.0,111.3
Isabella Sofía Guerrero Perez,11554536-1,female,2020-12-03,2021-01-21,74,91.7,129.0
María Mia Maldonado Retamal,13226673-5,female,2014-05-01,2014-12-17,64,87.4,119.6
Luciano José Salgado Espinoza,14912860-3,male,1974-07-09,2005-05-22,90,86.7,122.4
Gaspar Matías Meza Alfaro,19080686-3,male,1973-04-07,2008-09-09,92,91.6,130.5
Gabriel Gaspar Lobos Zuñiga,16278919-8,non_binary,1969-04-04,1980-09-01,59,75.4,108.3
Matías Agustín Alvarado Castro,13459723-2,male,1988-09-25,1995-03-10,99,77.2,108.5
Leonor Sofía Morales Navarro,19530830-6,female,1973-08-15,1996-07-27,56,94.5,136.7
Martina Emma Lara Gaete,17600320-0,female,2019-12-16,2021-06-15,68,80.2,112.8
Agustina Renata Correa Salinas,16602354-8,female,1993-12-19,2018-12-07,70,77.7,109.0
Maite Maite Ojeda Fuentealba,19943131-5,female,2012-05-12,2020-08-31,79,88.6,126.1
Agustina Renata Correa Salinas,16602354-8,female,1993-12-19,1995-03-20,70,81.4,113.4
Gaspar Matías Meza Alfaro,19080686-3,male,1973-04-07,1990-09-10,82,83.0,115.2
María Julieta Rodriguez Espinoza,12442036-9,female,1955-10-01,2004-03-24,70,86.4,123.1
Leonor Sofía Morales Navarro,19530830-6,female,1973-08-15,1988-05-03,66,83.3,117.3
Martina Emma Lara Gaete,17600320-0,female,2019-12-16,2020-06-26,72,85.9,124.4
Maximiliano Lucas Avila Valencia,15166596-9,male,2006-12-17,2015-08-12,89,81.7,114.6
María Julieta Rodriguez Espinoza,12442036-9,female,1955-10-01,1977-04-08,76,89.3,129.1
Luciano José Salgado Espinoza,14912860-3,male,1974-07-09,2009-04-16,94,79.9,111.6
Lucas Matías Herrera Romero,15725416-2,male,2009-12-26,2010-07-06,94,81.9,115.0
Isabella Sofía Guerrero Perez,11554536-1,female,2020-12-03,2020-12-11,76,86.8,120.5
Martina Emma Lara Gaete,17600320-0,female,2019-12-16,2020-03-31,75,84.1,118.6
Julián Matías Quiroz Alvarado,16516966-2,male,2004-07-18,2015-06-20,86,86.3,122.6
María Mia Maldonado Retamal,13226673-5,female,2014-05-01,2017-02-07,72,83.1,118.4
Luciano José Salgado Espinoza,14912860-3,male,1974-07-09,2011-08-05,88,92.8,132.2
Vicente Gabriel Valdebenito Guerra,17926353-k,male,1957-12-18,1968-07-15,92,95.9,136.8
Martina Emma Lara Gaete,17600320-0,female,2019-12-16,2020-08-28,67,80.4,111.5
Lucas Joaquín Donoso Tapia,16044094-5,male,1973-10-22,2019-11-22,82,81.3,113.9
Matías Agustín Alvarado Castro,13459723-2,male,1988-09-25,2000-05-16,93,93.4,131.0
Maite Maite Ojeda Fuentealba,19943131-5,female,2012-05-12,2015-03-31,69,82.9,117.6
Lucas Matías Herrera Romero,15725416-2,male,2009-12-26,2016-08-31,93,85.1,118.6
María Julieta Rodriguez Espinoza,12442036-9,female,1955-10-01,1998-08-16,67,85.8,120.6
Isabella Sofía Guerrero Perez,11554536-1,female,2020-12-03,2021-03-07,71,80.1,113.4
Maite Maite Ojeda Fuentealba,19943131-5,female,2012-05-12,2014-04-20,68,84.8,121.4
Matías Agustín Alvarado Castro,13459723-2,male,1988-09-25,1997-07-29,89,73.5,101.9
Julián Matías Quiroz Alvarado,16516966-2,male,2004-07-18,2020-05-16,89,87.8,123.9
Agustina Renata Correa Salinas,16602354-8,female,1993-12-19,2008-09-13,65,82.5,114.9
Luciano José Salgado Espinoza,14912860-3,male,1974-07-09,1981-05-22,84,85.9,121.6
Maite Maite Ojeda Fuentealba,19943131-5,female,2012-05-12,2017-04-08,64,90.8,128.1
Matías Agustín Alvarado Castro,13459723-2,male,1988-09-25,1994-09-22,99,88.0,124.2
María Julieta Rodriguez Espinoza,12442036-9,female,1955-10-01,1980-02-29,69,82.5,114.8
Lucas Matías Herrera Romero,15725416-2,male,2009-12-26,2014-06-27,88,91.0,130.8
Maite Maite Ojeda Fuentealba,19943131-5,female,2012-05-12,2016-08-06,68,93.8,134.8
Maximiliano Lucas Avila Valencia,15166596-9,male,2006-12-17,2016-07-19,92,90.2,124.9
Gaspar Matías Meza Alfaro,19080686-3,male,1973-04-07,1985-12-03,99,88.3,125.6
Maite Maite Ojeda Fuentealba,19943131-5,female,2012-05-12,2015-01-10,70,90.1,125.0
Luciano José Salgado Espinoza,14912860-3,male,1974-07-09,1976-06-13,82,92.1,132.2
Lucas Matías Herrera Romero,15725416-2,male,2009-12-26,2018-03-30,84,89.4,125.0
Martina Emma Lara Gaete,17600320-0,female,2019-12-16,2020-02-13,72,86.8,123.5
Julián Matías Quiroz Alvarado,16516966-2,male,2004-07-18,2004-07-26,96,81.4,114.8
María Mia Maldonado Retamal,13226673-5,female,2014-05-01,2019-02-04,72,83.0,115.6
Gaspar Matías Meza Alfaro,19080686-3,male,1973-04-07,2003-03-16,93,86.4,119.8
Luciano José Salgado Espinoza,14912860-3,male,1974-07-09,2003-11-26,93,73.9,100.8
Maximiliano Lucas Avila Valencia,15166596-9,male,2006-12-17,2015-06-08,88,89.9,123.8
Maximiliano Lucas Avila Valencia,15166596-9,male,2006-12-17,2008-09-20,85,82.3,115.4
Luciano José Salgado Espinoza,14912860-3,male,1974-07-09,1980-04-23,93,100.3,141.4
Maite Maite Ojeda Fuentealba,19943131-5,female,2012-05-12,2015-11-02,77,104.0,148.0
Leonor Sofía Morales Navarro,19530830-6,female,1973-08-15,2018-01-27,68,86.4,121.0
Lucas Joaquín Donoso Tapia,16044094-5,male,1973-10-22,1979-02-01,91,84.4,118.8
Gaspar Matías Meza Alfaro,19080686-3,male,1973-04-07,2011-05-10,83,72.8,102.4
Maite Maite Ojeda Fuentealba,19943131-5,female,2012-05-12,2017-08-31,64,89.1,126.8
Gaspar Matías Meza Alfaro,19080686-3,male,1973-04-07,2001-12-22,89,84.6,117.8
María Isabella Arias Carvajal,12092913-5,female,1952-07-18,1989-02-06,64,67.1,92.5
Maite Maite Ojeda Fuentealba,19943131-5,female,2012-05-12,2015-11-12,70,77.1,107.9
Julián Matías Quiroz Alvarado,16516966-2,male,2004-07-18,2008-10-05,86,81.6,112.4
Martina Emma Lara Gaete,17600320-0,female,2019-12-16,2020-09-14,78,79.9,111.1
María Isabella Arias Carvajal,12092913-5,female,1952-07-18,1992-02-18,61,81.2,119.8
Gaspar Matías Meza Alfaro,19080686-3,male,1973-04-07,1988-11-20,93,73.7,102.5
Gaspar Matías Meza Alfaro,19080686-3,male,1973-04-07,2013-10-29,84,81.7,115.5
Matías Agustín Alvarado Castro,13459723-2,male,1988-09-25,2016-03-03,90,83.9,119.5
Julián Matías Quiroz Alvarado,16516966-2,male,2004-07-18,2011-08-03,83,81.8,114.5
Lucas Matías Herrera Romero,15725416-2,male,2009-12-26,2010-05-19,90,80.8,114.8
Julián Matías Quiroz Alvarado,16516966-2,male,2004-07-18,2010-09-28,93,83.5,114.3
Luciano José Salgado Espinoza,14912860-3,male,1974-07-09,1978-08-29,97,94.5,135.5
Matías Agustín Alvarado Castro,13459723-2,male,1988-09-25,2008-02-14,89,88.0,124.2
Leonor Sofía Morales Navarro,19530830-6,female,1973-08-15,2006-01-07,68,102.8,144.9
Luciano José Salgado Espinoza,14912860-3,male,1974-07-09,2003-07-15,92,93.7,130.5
Tomás José Jara Gallardo,13325727-6,male,1975-12-01,1994-12-16,82,81.0,112.6
Luciano José Salgado Espinoza,14912860-3,male,1974-07-09,1993-10-31,81,82.2,115.2
Gaspar Matías Meza Alfaro,19080686-3,male,1973-04-07,1985-12-12,88,73.2,101.6
Matías Agustín Alvarado Castro,13459723-2,male,1988-09-25,2015-10-08,83,99.4,142.7
Julián Matías Quiroz Alvarado,16516966-2,male,2004-07-18,2014-03-04,84,84.9,120.7
Maite Maite Ojeda Fuentealba,19943131-5,female,2012-05-12,2016-07-31,70,87.9,122.2
Lucas Joaquín Donoso Tapia,16044094-5,male,1973-10-22,1986-11-28,98,88.0,124.5
Maite Maite Ojeda Fuentealba,19943131-5,female,2012-05-12,2012-08-03,66,81.3,116.5
Maximiliano Lucas Avila Valencia,15166596-9,male,2006-12-17,2007-11-06,81,89.8,127.8
María Isabella Arias Carvajal,12092913-5,female,1952-07-18,2012-12-05,70,119.1,171.9
Trinidad Maite Caceres Araneda,15267051-6,female,1968-08-17,1999-02-02,62,78.3,111.3
Gaspar Matías Meza Alfaro,19080686-3,male,1973-04-07,2016-05-28,86,78.0,109.3
Agustina Renata Correa Salinas,16602354-8,female,1993-12-19,1997-03-18,68,69.9,96.9
Martina Emma Lara Gaete,17600320-0,female,2019-12-16,2021-05-27,74,89.4,130.2
Maite Maite Ojeda Fuentealba,19943131-5,female,2012-05-12,2015-09-06,65,90.5,125.7
Gaspar Matías Meza Alfaro,19080686-3,male,1973-04-07,2013-09-30,85,82.8,115.1
Trinidad Maite Caceres Araneda,15267051-6,female,1968-08-17,1995-01-04,66,84.7,119.0
Julián Matías Quiroz Alvarado,16516966-2,male,2004-07-18,2017-10-14,87,96.8,137.6
María Isabella Arias Carvajal,12092913-5,female,1952-07-18,1978-05-05,72,96.6,136.9
Gaspar Matías Meza Alfaro,19080686-3,male,1973-04-07,2017-04-13,88,90.8,127.3
María Isabella Arias Carvajal,12092913-5,female,1952-07-18,2011-08-09,66,95.6,133.0
Leonor Sofía Morales Navarro,19530830-6,female,1973-08-15,2008-10-15,73,96.6,138.5
Gaspar Matías Meza Alfaro,19080686-3,male,1973-04-07,2008-03-21,90,90.3,130.8
Matías Agustín Alvarado Castro,13459723-2,male,1988-09-25,1998-02-01,83,84.6,120.8
Matías Agustín Alvarado Castro,13459723-2,male,1988-09-25,1989-04-15,84,86.1,122.2
Lucas Joaquín Donoso Tapia,16044094-5,male,1973-10-22,1984-03-16,100,82.5,116.2
Gabriel Gaspar Lobos Zuñiga,16278919-8,non_binary,1969-04-04,1979-09-08,69,80.9,114.5
Martina Emma Lara Gaete,17600320-0,female,2019-12-16,2020-04-27,68,81.5,114.6
Maite Maite Ojeda Fuentealba,19943131-5,female,2012-05-12,2017-06-10,72,92.6,132.3
Lucas Matías Herrera Romero,15725416-2,male,2009-12-26,2018-12-21,88,82.5,116.1
Lucas Matías Herrera Romero,15725416-2,male,2009-12-26,2011-12-06,95,88.2,124.1
Lucas Matías Herrera Romero,15725416-2,male,2009-12-26,2014-07-10,87,78.3,110.3
Matías Agustín Alvarado Castro,13459723-2,male,1988-09-25,1992-01-17,91,99.2,141.2
Gaspar Matías Meza Alfaro,19080686-3,male,1973-04-07,1983-11-16,97,79.7,110.4
Agustina Renata Correa Salinas,16602354-8,female,1993-12-19,2021-05-19,76,89.2,125.7
Matías Agustín Alvarado Castro,13459723-2,male,1988-09-25,2012-12-21,90,86.2,123.5
Maximiliano Lucas Avila Valencia,15166596-9,male,2006-12-17,2007-05-24,83,88.7,124.3
Gaspar Matías Meza Alfaro,19080686-3,male,1973-04-07,2007-01-22,84,88.4,124.9
María Julieta Rodriguez Espinoza,12442036-9,female,1955-10-01,2019-05-23,73,108.3,156.8
Maite Maite Ojeda Fuentealba,19943131-5,female,2012-05-12,2013-06-28,72,92.5,131.2
Maximiliano Lucas Avila Valencia,15166596-9,male,2006-12-17,2008-04-07,89,73.8,105.6
Maximiliano Lucas Avila Valencia,15166596-9,male,2006-12-17,2014-02-27,83,83.4,119.5
Gaspar Matías Meza Alfaro,19080686-3,male,1973-04-07,2005-01-04,94,92.0,131.4
Maite Maite Ojeda Fuentealba,19943131-5,female,2012-05-12,2018-09-19,63,92.8,131.7
Gaspar Matías Meza Alfaro,19080686-3,male,1973-04-07,2008-10-30,91,80.5,112.8
María Mia Maldonado Retamal,13226673-5,female,2014-05-01,2021-02-23,76,89.8,127.0
María Julieta Rodriguez Espinoza,12442036-9,female,1955-10-01,1960-05-26,69,93.3,131.4
Maite Maite Ojeda Fuentealba,19943131-5,female,2012-05-12,2021-03-19,68,78.6,111.2
María Mia Maldonado Retamal,13226673-5,female,2014-05-01,2017-02-13,68,95.9,134.6
Matías Agustín Alvarado Castro,13459723-2,male,1988-09-25,2009-09-05,86,96.5,139.2
Maite Maite Ojeda Fuentealba,19943131-5,female,2012-05-12,2018-10-22,77,98.7,141.4
Maite Maite Ojeda Fuentealba,19943131-5,female,2012-05-12,2017-10-15,69,83.9,118.1
Gaspar Matías Meza Alfaro,19080686-3,male,1973-04-07,1983-08-24,83,80.9,113.9
Luciano José Salgado Espinoza,14912860-3,male,1974-07-09,1998-03-07,83,89.8,129.9
Martina Emma Lara Gaete,17600320-0,female,2019-12-16,2020-10-23,75,86.4,122.5
Luciano José Salgado Espinoza,14912860-3,male,1974-07-09,2001-09-06,92,92.3,129.8
María Isabella Arias Carvajal,12092913-5,female,1952-07-18,2019-04-23,74,113.9,162.7
Leonor Sofía Morales Navarro,19530830-6,female,1973-08-15,2001-03-02,66,78.7,110.6
Gaspar Matías Meza Alfaro,19080686-3,male,1973-04-07,1990-10-03,86,87.1,123.2
Matías Agustín Alvarado Castro,13459723-2,male,1988-09-25,1996-08-29,82,89.0,124.7
Maite Maite Ojeda Fuentealba,19943131-5,female,2012-05-12,2017-09-10,73,81.9,113.1
Maite Maite Ojeda Fuentealba,19943131-5,female,2012-05-12,2019-08-05,66,74.9,105.9
Matías Agustín Alvarado Castro,13459723-2,male,1988-09-25,1998-11-26,88,79.9,111.3
María Isabella Arias Carvajal,12092913-5,female,1952-07-18,1996-09-07,73,88.4,126.5
Tomás José Jara Gallardo,13325727-6,male,1975-12-01,2018-04-11,94,81.9,113.6
María Isabella Arias Carvajal,12092913-5,female,1952-07-18,1970-05-11,65,86.4,121.9
Maite Maite Ojeda Fuentealba,19943131-5,female,2012-05-12,2019-11-30,73,96.5,137.1
María Julieta Rodriguez Espinoza,12442036-9,female,1955-10-01,1973-12-08,69,65.4,91.1
Matías Agustín Alvarado Castro,13459723-2,male,1988-09-25,2010-07-28,92,82.5,116.8
Gaspar Matías Meza Alfaro,19080686-3,male,1973-04-07,2001-02-17,98,79.1,111.2
Lucas Joaquín Donoso Tapia,16044094-5,male,1973-10-22,1995-12-20,96,90.1,127.4
Lucas Joaquín Donoso Tapia,16044094-5,male,1973-10-22,1995-01-01,91,86.7,122.7
Lucas Joaquín Donoso Tapia,16044094-5,male,1973-10-22,1984-07-13,95,78.3,111.6
Julián Matías Quiroz Alvarado,16516966-2,male,2004-07-18,2008-08-09,85,84.6,120.5
Gaspar Matías Meza Alfaro,19080686-3,male,1973-04-07,2019-10-22,90,100.8,144.3
Maite Maite Ojeda Fuentealba,19943131-5,female,2012-05-12,2018-05-08,71,86.0,121.2
Lucas Matías Herrera Romero,15725416-2,male,2009-12-26,2016-04-05,97,87.9,123.2
Gaspar Matías Meza Alfaro,19080686-3,male,1973-04-07,1983-01-07,94,85.9,121.3
Lucas Matías Herrera Romero,15725416-2,male,2009-12-26,2012-03-13,85,78.2,107.7
Lucas Joaquín Donoso Tapia,16044094-5,male,1973-10-22,2003-09-20,87,91.9,132.0
Martina Emma Lara Gaete,17600320-0,female,2019-12-16,2021-05-24,74,83.2,116.7
Luciano José Salgado Espinoza,14912860-3,male,1974-07-09,1983-02-09,97,88.1,125.4
Martina Emma Lara Gaete,17600320-0,female,2019-12-16,2020-12-16,78,70.0,101.6
Luciano José Salgado Espinoza,14912860-3,male,1974-07-09,1993-04-04,93,84.2,119.3
Leonor Sofía Morales Navarro,19530830-6,female,1973-08-15,1988-07-09,77,81.0,112.9
Luciano José Salgado Espinoza,14912860-3,male,1974-07-09,2002-04-01,86,88.3,125.2
Julián Matías Quiroz Alvarado,16516966-2,male,2004-07-18,2018-03-15,89,82.5,117.6
Lucas Matías Herrera Romero,15725416-2,male,2009-12-26,2015-11-07,95,87.0,125.0
Luciano José Salgado Espinoza,14912860-3,male,1974-07-09,2019-07-14,84,85.0,120.5
Agustina Renata Correa Salinas,16602354-8,female,1993-12-19,1994-07-17,78,90.4,125.7
Martina Emma Lara Gaete,17600320-0,female,2019-12-16,2021-04-11,75,97.1,138.5
Gaspar Matías Meza Alfaro,19080686-3,male,1973-04-07,1996-10-11,94,83.4,118.3
Gaspar Matías Meza Alfaro,19080686-3,male,1973-04-07,1992-06-12,83,98.0,138.2
Luciano José Salgado Espinoza,14912860-3,male,1974-07-09,1985-09-17,98,91.8,130.7
Maximiliano Lucas Avila Valencia,15166596-9,male,2006-12-17,2021-02-07,81,70.5,101.1
Gaspar Matías Meza Alfaro,19080686-3,male,1973-04-07,2021-04-22,88,93.6,131.6
Lucas Matías Herrera Romero,15725416-2,male,2009-12-26,2013-07-14,83,85.8,122.8
Leonor Sofía Morales Navarro,19530830-6,female,1973-08-15,2016-03-18,75,87.3,119.9
Trinidad Maite Caceres Araneda,15267051-6,female,1968-08-17,2001-03-01,69,82.1,114.8
Agustina Renata Correa Salinas,16602354-8,female,1993-12-19,2003-12-20,73,95.2,136.2
Maite Maite Ojeda Fuentealba,19943131-5,female,2012-05-12,2018-02-25,71,94.3,136.2
María Mia Maldonado Retamal,13226673-5,female,2014-05-01,2020-08-12,72,67.9,93.5
Maite Maite Ojeda Fuentealba,19943131-5,female,2012-05-12,2021-05-26,70,100.8,141.2
María Mia Maldonado Retamal,13226673-5,female,2014-05-01,2018-01-31,73,82.8,118.7
Matías Agustín Alvarado Castro,13459723-2,male,1988-09-25,1995-05-10,88,83.3,119.1
Martina Emma Lara Gaete,17600320-0,female,2019-12-16,2020-02-11,76,80.4,113.3
María Isabella Arias Carvajal,12092913-5,female,1952-07-18,1996-08-23,71,91.3,131.0
Gaspar Matías Meza Alfaro,19080686-3,male,1973-04-07,1979-07-01,92,92.6,129.9
Matías Agustín Alvarado Castro,13459723-2,male,1988-09-25,2016-08-06,91,80.8,114.3
Luciano José Salgado Espinoza,14912860-3,male,1974-07-09,2001-06-18,92,83.7,117.7
Agustina Renata Correa Salinas,16602354-8,female,1993-12-19,2005-11-06,62,81.0,113.6
José Benjamín Alvarado Becerra,17021419-6,non_binary,2012-05-21,2020-08-03,73,78.0,107.1
María Julieta Rodriguez Espinoza,12442036-9,female,1955-10-01,1965-12-30,75,69.9,98.4
Lucas Matías Herrera Romero,15725416-2,male,2009-12-26,2013-06-04,91,78.6,112.3
Martina Emma Lara Gaete,17600320-0,female,2019-12-16,2020-08-18,69,101.7,143.9
Luciano José Salgado Espinoza,14912860-3,male,1974-07-09,1984-10-02,97,79.1,112.8
Maximiliano Lucas Avila Valencia,15166596-9,male,2006-12-17,2020-08-29,88,93.4,133.0
Maximiliano Lucas Avila Valencia,15166596-9,male,2006-12-17,2017-01-25,79,86.4,121.1
Lucas Joaquín Donoso Tapia,16044094-5,male,1973-10-22,1980-05-02,89,90.2,127.6
Martina Emma Lara Gaete,17600320-0,female,2019-12-16,2020-09-26,63,82.2,116.0
María Julieta Rodriguez Espinoza,12442036-9,female,1955-10-01,2018-06-08,69,123.6,179.0
María Isabella Arias Carvajal,12092913-5,female,1952-07-18,1968-12-11,77,97.9,137.5
Maximiliano Lucas Avila Valencia,15166596-9,male,2006-12-17,2011-10-11,89,83.5,118.5
Lucas Joaquín Donoso Tapia,16044094-5,male,1973-10-22,1987-04-21,82,75.0,103.3
Leonor Sofía Morales Navarro,19530830-6,female,1973-08-15,2021-06-05,70,115.4,161.9
María Mia Maldonado Retamal,13226673-5,female,2014-05-01,2017-08-09,68,92.2,132.4
Vicente Gabriel Valdebenito Guerra,17926353-k,male,1957-12-18,2003-06-21,85,82.7,114.8
Gaspar Matías Meza Alfaro,19080686-3,male,1973-04-07,1975-09-26,85,102.1,145.5
Lucas Joaquín Donoso Tapia,16044094-5,male,1973-10-22,1992-06-28,82,90.5,126.3
Luciano José Salgado Espinoza,14912860-3,male,1974-07-09,1981-12-08,85,60.3,85.3
Isabella Sofía Guerrero Perez,11554536-1,female,2020-12-03,2021-05-10,73,99.0,140.9
Maite Maite Ojeda Fuentealba,19943131-5,female,2012-05-12,2014-04-05,73,92.5,132.4
Agustina Renata Correa Salinas,16602354-8,female,1993-12-19,2020-10-14,65,82.8,118.0
Julián Matías Quiroz Alvarado,16516966-2,male,2004-07-18,2011-04-05,89,91.2,127.3
Maite Maite Ojeda Fuentealba,19943131-5,female,2012-05-12,2017-04-06,80,78.6,110.8
Agustina Renata Correa Salinas,16602354-8,female,1993-12-19,2006-10-09,68,77.4,109.1
Vicente Gabriel Valdebenito Guerra,17926353-k,male,1957-12-18,2015-07-16,97,96.6,137.1
Leonor Sofía Morales Navarro,19530830-6,female,1973-08-15,2004-01-22,78,93.5,131.6
Julián Matías Quiroz Alvarado,16516966-2,male,2004-07-18,2008-09-27,91,84.9,120.1
Gaspar Matías Meza Alfaro,19080686-3,male,1973-04-07,1977-06-08,85,84.4,121.3
Martina Emma Lara Gaete,17600320-0,female,2019-12-16,2020-11-25,71,84.8,122.3
Vicente Gabriel Valdebenito Guerra,17926353-k,male,1957-12-18,1997-05-07,89,85.1,119.5
Lucas Joaquín Donoso Tapia,16044094-5,male,1973-10-22,2016-11-05,90,88.4,124.2
Gaspar Matías Meza Alfaro,19080686-3,male,1973-04-07,2019-05-23,95,92.4,128.9
Martina Emma Lara Gaete,17600320-0,female,2019-12-16,2020-10-04,81,100.2,143.6
Lucas Matías Herrera Romero,15725416-2,male,2009-12-26,2014-06-13,86,81.9,116.4
Gaspar Matías Meza Alfaro,19080686-3,male,1973-04-07,2018-04-20,86,88.9,124.0
María Mia Maldonado Retamal,13226673-5,female,2014-05-01,2014-10-18,71,85.6,120.6
María Mia Maldonado Retamal,13226673-5,female,2014-05-01,2016-11-10,65,87.9,122.8
Maite Maite Ojeda Fuentealba,19943131-5,female,2012-05-12,2018-01-19,68,78.7,112.5
Agustina Renata Correa Salinas,16602354-8,female,1993-12-19,2006-05-25,70,77.6,109.4
María Julieta Rodriguez Espinoza,12442036-9,female,1955-10-01,2014-12-31,84,93.9,134.0
Maite Maite Ojeda Fuentealba,19943131-5,female,2012-05-12,2019-04-07,75,81.6,116.2
Gaspar Matías Meza Alfaro,19080686-3,male,1973-04-07,2011-03-21,85,84.6,118.9
Maite Maite Ojeda Fuentealba,19943131-5,female,2012-05-12,2017-12-22,64,90.5,128.8
Lucas Matías Herrera Romero,15725416-2,male,2009-12-26,2013-10-22,91,84.0,116.3
Leonor Sofía Morales Navarro,19530830-6,female,1973-08-15,1975-05-20,82,87.2,122.0
Julián Matías Quiroz Alvarado,16516966-2,male,2004-07-18,2005-03-17,85,81.5,115.5
Gaspar Matías Meza Alfaro,19080686-3,male,1973-04-07,2002-04-23,99,94.2,135.4
Lucas Matías Herrera Romero,15725416-2,male,2009-12-26,2020-02-14,93,73.0,101.3
María Mia Maldonado Retamal,13226673-5,female,2014-05-01,2014-06-05,63,95.4,134.9
Martina Emma Lara Gaete,17600320-0,female,2019-12-16,2020-01-10,70,79.5,112.1
Martina Emma Lara Gaete,17600320-0,female,2019-12-16,2020-10-08,72,93.4,131.8
Matías Agustín Alvarado Castro,13459723-2,male,1988-09-25,1993-08-03,96,98.6,140.0
Agustina Renata Correa Salinas,16602354-8,female,1993-12-19,1995-11-24,72,96.1,136.2
Leonor Sofía Morales Navarro,19530830-6,female,1973-08-15,2007-07-02,67,83.8,119.4
Luciano José Salgado Espinoza,14912860-3,male,1974-07-09,2001-07-30,91,78.6,112.4
Julián Matías Quiroz Alvarado,16516966-2,male,2004-07-18,2018-09-25,91,81.2,113.5
María Mia Maldonado Retamal,13226673-5,female,2014-05-01,2020-05-25,60,75.3,105.7
Vicente Gabriel Valdebenito Guerra,17926353-k,male,1957-12-18,1984-01-27,88,90.9,128.0
Maite Maite Ojeda Fuentealba,19943131-5,female,2012-05-12,2017-04-18,67,90.3,127.1
Leonor Sofía Morales Navarro,19530830-6,female,1973-08-15,2020-01-01,76,93.6,129.6
Gaspar Matías Meza Alfaro,19080686-3,male,1973-04-07,2011-03-15,100,61.5,87.1
Matías Agustín Alvarado Castro,13459723-2,male,1988-09-25,1993-08-30,88,84.6,117.3
Tomás José Jara Gallardo,13325727-6,male,1975-12-01,1980-06-06,86,91.7,128.8
María Julieta Rodriguez Espinoza,12442036-9,female,1955-10-01,1959-01-05,67,79.2,112.6
Martina Emma Lara Gaete,17600320-0,female,2019-12-16,2020-01-08,72,80.4,113.9
Lucas Joaquín Donoso Tapia,16044094-5,male,1973-10-22,1989-02-19,94,84.7,119.7
Luciano José Salgado Espinoza,14912860-3,male,1974-07-09,1977-01-31,86,84.7,116.2
Maximiliano Lucas Avila Valencia,15166596-9,male,2006-12-17,2013-05-08,88,100.8,139.7
Luciano José Salgado Espinoza,14912860-3,male,1974-07-09,2009-12-17,88,93.3,134.5
Maite Maite Ojeda Fuentealba,19943131-5,female,2012-05-12,2021-03-21,62,85.6,120.1
Maite Maite Ojeda Fuentealba,19943131-5,female,2012-05-12,2017-12-05,70,91.6,128.2
María Isabella Arias Carvajal,12092913-5,female,1952-07-18,1955-02-04,72,93.1,132.7
Gabriel Gaspar Lobos Zuñiga,16278919-8,non_binary,1969-04-04,2017-03-17,75,71.1,101.0
María Julieta Rodriguez Espinoza,12442036-9,female,1955-10-01,1967-02-22,63,89.2,123.4
Lucas Matías Herrera Romero,15725416-2,male,2009-12-26,2011-11-22,92,88.1,124.7
Martina Emma Lara Gaete,17600320-0,female,2019-12-16,2020-06-28,63,95.4,138.1
Julián Matías Quiroz Alvarado,16516966-2,male,2004-07-18,2014-07-15,87,78.2,112.5
Matías Agustín Alvarado Castro,13459723-2,male,1988-09-25,2010-12-24,92,80.7,115.3
Luciano José Salgado Espinoza,14912860-3,male,1974-07-09,2007-12-04,91,93.6,130.5
Martina Emma Lara Gaete,17600320-0,female,2019-12-16,2020-01-07,73,92.8,129.9
Maite Maite Ojeda Fuentealba,19943131-5,female,2012-05-12,2020-03-19,61,93.2,135.5
Tomás José Jara Gallardo,13325727-6,male,1975-12-01,1995-03-23,92,77.4,105.8
Martina Emma Lara Gaete,17600320-0,female,2019-12-16,2021-06-23,71,71.8,103.6
Matías Agustín Alvarado Castro,13459723-2,male,1988-09-25,1996-11-02,87,89.9,129.1
Lucas Matías Herrera Romero,15725416-2,male,2009-12-26,2014-06-11,106,84.1,119.5
Martina Emma Lara Gaete,17600320-0,female,2019-12-16,2020-09-18,71,73.1,103.2
Luciano José Salgado Espinoza,14912860-3,male,1974-07-09,2001-04-22,87,84.1,118.3
Matías Agustín Alvarado Castro,13459723-2,male,1988-09-25,1994-11-19,86,103.7,150.1
Vicente Gabriel Valdebenito Guerra,17926353-k,male,1957-12-18,2002-06-20,86,86.6,122.0
Maite Maite Ojeda Fuentealba,19943131-5,female,2012-05-12,2019-09-06,67,97.3,141.9
Luciano José Salgado Espinoza,14912860-3,male,1974-07-09,1982-09-07,93,64.4,88.9
Lucas Matías Herrera Romero,15725416-2,male,2009-12-26,2018-09-10,85,70.6,99.2
Agustina Renata Correa Salinas,16602354-8,female,1993-12-19,2013-06-27,73,85.1,120.6
Luciano José Salgado Espinoza,14912860-3,male,1974-07-09,2018-03-26,93,96.3,136.1
Gaspar Matías Meza Alfaro,19080686-3,male,1973-04-07,1993-12-21,91,89.8,129.2
Martina Emma Lara Gaete,17600320-0,female,2019-12-16,2020-09-05,73,74.4,105.0
Isabella Sofía Guerrero Perez,11554536-1,female,2020-12-03,2021-03-11,74,73.0,103.7
Matías Agustín Alvarado Castro,13459723-2,male,1988-09-25,2008-05-27,100,85.9,121.8
Vicente Gabriel Valdebenito Guerra,17926353-k,male,1957-12-18,2008-11-04,87,85.4,121.9
Matías Agustín Alvarado Castro,13459723-2,male,1988-09-25,2010-05-02,86,76.2,107.4
Luciano José Salgado Espinoza,14912860-3,male,1974-07-09,2002-08-02,98,88.9,124.4
Luciano José Salgado Espinoza,14912860-3,male,1974-07-09,2020-01-22,90,87.6,123.2
Martina Emma Lara Gaete,17600320-0,female,2019-12-16,2021-02-20,70,87.5,124.3
Martina Emma Lara Gaete,17600320-0,female,2019-12-16,2020-11-06,71,82.4,118.5
Martina Emma Lara Gaete,17600320-0,female,2019-12-16,2020-08-16,70,68.2,97.5
Matías Agustín Alvarado Castro,13459723-2,male,1988-09-25,1997-07-01,97,69.0,95.3
Lucas Joaquín Donoso Tapia,16044094-5,male,1973-10-22,1999-05-22,98,88.4,123.4
Leonor Sofía Morales Navarro,19530830-6,female,1973-08-15,1991-12-04,64,77.1,106.6
Vicente Gabriel Valdebenito Guerra,17926353-k,male,1957-12-18,1975-05-23,90,94.5,133.0
Matías Agustín Alvarado Castro,13459723-2,male,1988-09-25,1989-12-31,98,93.3,131.7
Luciano José Salgado Espinoza,14912860-3,male,1974-07-09,2006-01-04,91,84.4,119.1
María Isabella Arias Carvajal,12092913-5,female,1952-07-18,2017-02-12,68,109.7,156.1
María Mia Maldonado Retamal,13226673-5,female,2014-05-01,2016-01-13,69,98.8,140.5
Matías Agustín Alvarado Castro,13459723-2,male,1988-09-25,1989-06-18,83,84.7,120.5
Lucas Joaquín Donoso Tapia,16044094-5,male,1973-10-22,2008-09-12,84,88.7,123.6
Luciano José Salgado Espinoza,14912860-3,male,1974-07-09,2009-10-11,90,87.3,120.8
Isabella Sofía Guerrero Perez,11554536-1,female,2020-12-03,2020-12-15,64,79.6,111.0
Gaspar Matías Meza Alfaro,19080686-3,male,1973-04-07,1982-06-02,87,80.7,113.7
Gaspar Matías Meza Alfaro,19080686-3,male,1973-04-07,2020-08-24,93,84.3,120.1
Julián Matías Quiroz Alvarado,16516966-2,male,2004-07-18,2006-05-31,86,82.7,117.1
Isabella Sofía Guerrero Perez,11554536-1,female,2020-12-03,2020-12-31,61,83.5,120.1
Matías Agustín Alvarado Castro,13459723-2,male,1988-09-25,1992-11-01,89,90.3,127.8
María Isabella Arias Carvajal,12092913-5,female,1952-07-18,1968-04-19,64,86.6,122.5
María Isabella Arias Carvajal,12092913-5,female,1952-07-18,1965-10-03,63,84.7,116.3
Trinidad Maite Caceres Araneda,15267051-6,female,1968-08-17,1992-03-01,74,101.4,143.0
Gaspar Matías Meza Alfaro,19080686-3,male,1973-04-07,1994-08-01,88,93.2,132.0
Isabella Sofía Guerrero Perez,11554536-1,female,2020-12-03,2021-03-15,65,92.9,132.3
María Isabella Arias Carvajal,12092913-5,female,1952-07-18,1992-05-30,69,82.6,116.8
Maite Maite Ojeda Fuentealba,19943131-5,female,2012-05-12,2016-03-18,62,87.3,122.6
Lucas Matías Herrera Romero,15725416-2,male,2009-12-26,2012-01-17,85,78.4,108.1
Luciano José Salgado Espinoza,14912860-3,male,1974-07-09,1983-10-10,84,84.9,117.7
Gaspar Matías Meza Alfaro,19080686-3,male,1973-04-07,1987-06-28,91,76.1,107.9
Maite Maite Ojeda Fuentealba,19943131-5,female,2012-05-12,2013-08-18,70,88.1,125.1
Leonor Sofía Morales Navarro,19530830-6,female,1973-08-15,1978-09-23,73,70.9,99.5
Vicente Gabriel Valdebenito Guerra,17926353-k,male,1957-12-18,2006-05-28,90,96.3,138.0
Matías Agustín Alvarado Castro,13459723-2,male,1988-09-25,1994-09-21,87,77.8,107.6
Leonor Sofía Morales Navarro,19530830-6,female,1973-08-15,1999-11-24,73,88.7,123.7
Trinidad Maite Caceres Araneda,15267051-6,female,1968-08-17,1984-09-09,68,87.9,123.9
Luciano José Salgado Espinoza,14912860-3,male,1974-07-09,2016-04-20,90,93.7,131.9
Martina Emma Lara Gaete,17600320-0,female,2019-12-16,2020-10-16,77,100.2,140.0
Maite Maite Ojeda Fuentealba,19943131-5,female,2012-05-12,2015-12-03,78,89.3,128.6
Matías Agustín Alvarado Castro,13459723-2,male,1988-09-25,2002-01-25,84,95.7,136.2
Gaspar Matías Meza Alfaro,19080686-3,male,1973-04-07,1981-01-07,95,84.2,121.4
Martina Emma Lara Gaete,17600320-0,female,2019-12-16,2020-03-07,65,81.7,113.3
Maite Maite Ojeda Fuentealba,19943131-5,female,2012-05-12,2019-11-15,74,81.7,114.7
Julián Matías Quiroz Alvarado,16516966-2,male,2004-07-18,2015-07-23,89,66.8,93.9
Lucas Joaquín Donoso Tapia,16044094-5,male,1973-10-22,2006-04-05,89,87.2,123.4
Luciano José Salgado Espinoza,14912860-3,male,1974-07-09,1979-02-14,84,93.1,132.9
Vicente Gabriel Valdebenito Guerra,17926353-k,male,1957-12-18,1959-11-18,93,84.1,117.2
Vicente Gabriel Valdebenito Guerra,17926353-k,male,1957-12-18,2013-10-22,83,126.7,180.5
Luciano José Salgado Espinoza,14912860-3,male,1974-07-09,2007-05-05,94,88.4,123.8
Martina Emma Lara Gaete,17600320-0,female,2019-12-16,2020-08-27,67,94.0,135.3
María Mia Maldonado Retamal,13226673-5,female,2014-05-01,2020-04-05,64,84.9,119.3
Martina Emma Lara Gaete,17600320-0,female,2019-12-16,2020-10-14,65,80.4,113.5
Lucas Matías Herrera Romero,15725416-2,male,2009-12-26,2010-08-31,90,71.3,101.1
Gaspar Matías Meza Alfaro,19080686-3,male,1973-04-07,1976-03-25,89,75.6,106.6
Gaspar Matías Meza Alfaro,19080686-3,male,1973-04-07,1980-06-18,85,88.5,126.3
Lucas Matías Herrera Romero,15725416-2,male,2009-12-26,2015-03-05,92,89.0,124.9
Luciano José Salgado Espinoza,14912860-3,male,1974-07-09,2012-03-23,94,85.5,121.8
Luciano José Salgado Espinoza,14912860-3,male,1974-07-09,2013-10-04,90,81.8,114.0
Luciano José Salgado Espinoza,14912860-3,male,1974-07-09,2013-12-02,102,93.4,131.1
Maite Maite Ojeda Fuentealba,19943131-5,female,2012-05-12,2013-10-09,60,70.6,98.7
Maite Maite Ojeda Fuentealba,19943131-5,female,2012-05-12,2014-01-13,68,89.1,122.9
Lucas Matías Herrera Romero,15725416-2,male,2009-12-26,2010-08-02,97,84.6,117.9
Agustina Renata Correa Salinas,16602354-8,female,1993-12-19,2011-10-02,64,85.2,122.9
María Isabella Arias Carvajal,12092913-5,female,1952-07-18,1965-12-26,73,100.5,142.6
Martina Emma Lara Gaete,17600320-0,female,2019-12-16,2020-01-13,73,85.5,118.4
Matías Agustín Alvarado Castro,13459723-2,male,1988-09-25,2009-07-02,99,77.4,108.2
Maximiliano Lucas Avila Valencia,15166596-9,male,2006-12-17,2010-07-30,84,97.8,138.0
Lucas Matías Herrera Romero,15725416-2,male,2009-12-26,2020-10-02,95,84.3,118.6
Julián Matías Quiroz Alvarado,16516966-2,male,2004-07-18,2010-02-15,94,94.0,133.2
María Isabella Arias Carvajal,12092913-5,female,1952-07-18,1987-03-01,73,95.3,134.2
Maite Maite Ojeda Fuentealba,19943131-5,female,2012-05-12,2017-04-12,64,79.2,112.8
Gaspar Matías Meza Alfaro,19080686-3,male,1973-04-07,1987-05-23,88,85.8,122.0
Maximiliano Lucas Avila Valencia,15166596-9,male,2006-12-17,2008-03-28,91,90.2,127.4
Lucas Joaquín Donoso Tapia,16044094-5,male,1973-10-22,2013-09-13,83,67.7,98.6
Gabriel Gaspar Lobos Zuñiga,16278919-8,non_binary,1969-04-04,1977-07-02,73,85.5,120.2
Lucas Joaquín Donoso Tapia,16044094-5,male,1973-10-22,1990-12-22,89,78.6,110.0
Lucas Joaquín Donoso Tapia,16044094-5,male,1973-10-22,2016-10-05,94,90.0,129.6
Matías Agustín Alvarado Castro,13459723-2,male,1988-09-25,2002-11-21,95,79.9,112.6
Martina Emma Lara Gaete,17600320-0,female,2019-12-16,2020-06-26,64,88.8,126.4
Martina Emma Lara Gaete,17600320-0,female,2019-12-16,2021-05-22,76,78.8,109.2
Matías Agustín Alvarado Castro,13459723-2,male,1988-09-25,1999-09-09,89,87.8,126.3
Matías Agustín Alvarado Castro,13459723-2,male,1988-09-25,1989-07-21,89,75.0,104.5
Martina Emma Lara Gaete,17600320-0,female,2019-12-16,2020-02-15,62,87.4,122.8
Trinidad Maite Caceres Araneda,15267051-6,female,1968-08-17,1994-02-21,62,86.6,121.2
Isabella Sofía Guerrero Perez,11554536-1,female,2020-12-03,2021-03-05,74,83.4,117.2
Martina Emma Lara Gaete,17600320-0,female,2019-12-16,2020-04-18,78,78.2,110.5
Lucas Joaquín Donoso Tapia,16044094-5,male,1973-10-22,1983-07-02,89,79.6,111.4
Trinidad Maite Caceres Araneda,15267051-6,female,1968-08-17,1968-10-11,66,81.6,113.0
Matías Agustín Alvarado Castro,13459723-2,male,1988-09-25,1991-05-04,83,78.0,108.0
Martina Emma Lara Gaete,17600320-0,female,2019-12-16,2021-04-16,71,80.0,114.0
Matías Agustín Alvarado Castro,13459723-2,male,1988-09-25,2010-11-11,88,74.0,105.3
María Isabella Arias Carvajal,12092913-5,female,1952-07-18,2007-01-04,74,103.3,146.4
Maite Maite Ojeda Fuentealba,19943131-5,female,2012-05-12,2013-11-15,80,90.1,127.4
María Isabella Arias Carvajal,12092913-5,female,1952-07-18,2007-04-03,61,114.5,164.8
Julián Matías Quiroz Alvarado,16516966-2,male,2004-07-18,2012-01-20,87,82.2,117.8
Maite Maite Ojeda Fuentealba,19943131-5,female,2012-05-12,2012-09-11,69,87.3,121.8
Maite Maite Ojeda Fuentealba,19943131-5,female,2012-05-12,2013-07-02,69,88.2,125.1
Luciano José Salgado Espinoza,14912860-3,male,1974-07-09,1984-02-18,93,87.2,124.2
Lucas Joaquín Donoso Tapia,16044094-5,male,1973-10-22,2013-02-02,92,93.3,132.8
Agustina Renata Correa Salinas,16602354-8,female,1993-12-19,2009-11-17,73,83.0,117.9
Martina Emma Lara Gaete,17600320-0,female,2019-12-16,2020-02-06,69,77.3,109.1
Lucas Joaquín Donoso Tapia,16044094-5,male,1973-10-22,2009-08-31,93,94.5,134.8
Gaspar Matías Meza Alfaro,19080686-3,male,1973-04-07,1982-08-05,82,89.7,125.0
Agustina Renata Correa Salinas,16602354-8,female,1993-12-19,1999-08-21,66,86.2,118.3
Luciano José Salgado Espinoza,14912860-3,male,1974-07-09,1987-08-09,92,82.9,115.6
Maite Maite Ojeda Fuentealba,19943131-5,female,2012-05-12,2018-11-15,66,86.9,121.8
Julián Matías Quiroz Alvarado,16516966-2,male,2004-07-18,2007-01-04,85,80.8,114.6
Matías Agustín Alvarado Castro,13459723-2,male,1988-09-25,1997-08-20,90,84.5,120.0
María Isabella Arias Carvajal,12092913-5,female,1952-07-18,1981-06-11,71,77.1,109.7
Agustina Renata Correa Salinas,16602354-8,female,1993-12-19,2009-12-12,73,84.6,118.5
Isabella Sofía Guerrero Perez,11554536-1,female,2020-12-03,2021-01-01,68,98.9,142.5
María Isabella Arias Carvajal,12092913-5,female,1952-07-18,1975-06-21,73,88.5,124.4
Isabella Sofía Guerrero Perez,11554536-1,female,2020-12-03,2020-12-14,64,79.4,108.8
Lucas Matías Herrera Romero,15725416-2,male,2009-12-26,2021-01-03,88,79.8,110.9
Martina Emma Lara Gaete,17600320-0,female,2019-12-16,2021-04-23,65,98.3,140.1
Lucas Joaquín Donoso Tapia,16044094-5,male,1973-10-22,1982-10-23,97,90.5,125.2
Gaspar Matías Meza Alfaro,19080686-3,male,1973-04-07,2015-01-11,87,93.1,132.5
Lucas Matías Herrera Romero,15725416-2,male,2009-12-26,2013-07-05,100,90.1,129.5
Maite Maite Ojeda Fuentealba,19943131-5,female,2012-05-12,2014-08-07,74,82.6,117.1
Martina Emma Lara Gaete,17600320-0,female,2019-12-16,2020-06-18,75,83.7,117.8
Lucas Joaquín Donoso Tapia,16044094-5,male,1973-10-22,2004-02-07,96,88.5,124.2
Lucas Matías Herrera Romero,15725416-2,male,2009-12-26,2013-04-14,93,72.1,100.6
Maximiliano Lucas Avila Valencia,15166596-9,male,2006-12-17,2007-10-29,89,84.2,120.0
Martina Emma Lara Gaete,17600320-0,female,2019-12-16,2020-01-28,66,86.5,123.5
María Mia Maldonado Retamal,13226673-5,female,2014-05-01,2020-12-18,66,74.0,103.4
Martina Emma Lara Gaete,17600320-0,female,2019-12-16,2020-01-20,69,80.7,112.3
Maximiliano Lucas Avila Valencia,15166596-9,male,2006-12-17,2016-06-14,90,75.4,103.2
Leonor Sofía Morales Navarro,19530830-6,female,1973-08-15,1987-10-12,80,96.6,136.3
Lucas Matías Herrera Romero,15725416-2,male,2009-12-26,2020-10-23,86,78.5,108.8
Matías Agustín Alvarado Castro,13459723-2,male,1988-09-25,2000-03-11,93,98.1,139.0
Julián Matías Quiroz Alvarado,16516966-2,male,2004-07-18,2014-08-13,83,87.1,121.2
Martina Emma Lara Gaete,17600320-0,female,2019-12-16,2020-11-07,63,96.5,138.2
Martina Emma Lara Gaete,17600320-0,female,2019-12-16,2021-05-06,69,85.8,120.8
Julián Matías Quiroz Alvarado,16516966-2,male,2004-07-18,2012-03-10,84,82.1,115.8
Vicente Gabriel Valdebenito Guerra,17926353-k,male,1957-12-18,2010-02-13,93,116.4,166.4
María Mia Maldonado Retamal,13226673-5,female,2014-05-01,2016-10-18,74,93.5,130.1
Lucas Matías Herrera Romero,15725416-2,male,2009-12-26,2019-10-19,87,95.8,133.2
Martina Emma Lara Gaete,17600320-0,female,2019-12-16,2021-06-27,71,84.8,122.7
María Mia Maldonado Retamal,13226673-5,female,2014-05-01,2019-12-17,72,73.0,100.0
María Mia Maldonado Retamal,13226673-5,female,2014-05-01,2016-01-11,76,90.2,127.5
Julián Matías Quiroz Alvarado,16516966-2,male,2004-07-18,2007-06-18,84,98.5,139.8
María Julieta Rodriguez Espinoza,12442036-9,female,1955-10-01,1999-04-07,71,94.2,134.2
Gaspar Matías Meza Alfaro,19080686-3,male,1973-04-07,2019-03-09,90,86.3,119.6
Trinidad Maite Caceres Araneda,15267051-6,female,1968-08-17,2003-01-26,68,87.8,127.1
Luciano José Salgado Espinoza,14912860-3,male,1974-07-09,2005-10-12,103,77.7,107.8
Leonor Sofía Morales Navarro,19530830-6,female,1973-08-15,2019-09-18,69,94.4,132.3
María Isabella Arias Carvajal,12092913-5,female,1952-07-18,1991-01-03,69,96.7,140.6
Julián Matías Quiroz Alvarado,16516966-2,male,2004-07-18,2006-08-04,88,77.7,109.4
Maite Maite Ojeda Fuentealba,19943131-5,female,2012-05-12,2017-10-09,71,86.1,120.5
Gaspar Matías Meza Alfaro,19080686-3,male,1973-04-07,1981-09-15,96,81.3,116.7
Martina Emma Lara Gaete,17600320-0,female,2019-12-16,2021-02-09,61,80.1,112.1
Maite Maite Ojeda Fuentealba,19943131-5,female,2012-05-12,2015-09-16,71,81.9,114.6
Martina Emma Lara Gaete,17600320-0,female,2019-12-16,2021-03-07,68,84.8,119.2
Matías Agustín Alvarado Castro,13459723-2,male,1988-09-25,1989-12-29,92,88.8,124.5
Trinidad Maite Caceres Araneda,15267051-6,female,1968-08-17,2021-04-06,67,86.9,121.9
Martina Emma Lara Gaete,17600320-0,female,2019-12-16,2020-06-03,67,86.9,123.5
Gaspar Matías Meza Alfaro,19080686-3,male,1973-04-07,2013-08-18,83,82.6,114.7
Matías Agustín Alvarado Castro,13459723-2,male,1988-09-25,1989-05-19,90,87.1,121.5
Matías Agustín Alvarado Castro,13459723-2,male,1988-09-25,2014-03-17,92,84.3,120.8
Maite Maite Ojeda Fuentealba,19943131-5,female,2012-05-12,2019-12-06,64,90.2,126.7
Maite Maite Ojeda Fuentealba,19943131-5,female,2012-05-12,2020-04-22,72,87.0,123.1
Vicente Gabriel Valdebenito Guerra,17926353-k,male,1957-12-18,2017-06-08,91,109.0,155.9
Lucas Joaquín Donoso Tapia,16044094-5,male,1973-10-22,1999-04-18,93,85.4,120.1
Agustina Renata Correa Salinas,16602354-8,female,1993-12-19,2017-07-22,69,81.3,114.6
Luciano José Salgado Espinoza,14912860-3,male,1974-07-09,1979-08-21,99,85.4,120.5
Luciano José Salgado Espinoza,14912860-3,male,1974-07-09,2015-12-31,97,96.4,137.3
Maite Maite Ojeda Fuentealba,19943131-5,female,2012-05-12,2016-08-30,65,82.7,115.4
Gaspar Matías Meza Alfaro,19080686-3,male,1973-04-07,1993-02-12,85,81.8,115.3
Gaspar Matías Meza Alfaro,19080686-3,male,1973-04-07,2013-09-09,91,79.2,109.6
Isabella Sofía Guerrero Perez,11554536-1,female,2020-12-03,2021-05-16,66,91.4,128.3
Maite Maite Ojeda Fuentealba,19943131-5,female,2012-05-12,2012-08-20,76,85.3,122.6
Gaspar Matías Meza Alfaro,19080686-3,male,1973-04-07,2006-04-29,80,79.8,113.9
María Mia Maldonado Retamal,13226673-5,female,2014-05-01,2015-04-14,78,88.6,123.4
Luciano José Salgado Espinoza,14912860-3,male,1974-07-09,2003-09-27,89,88.3,124.8
Martina Emma Lara Gaete,17600320-0,female,2019-12-16,2020-11-25,72,91.1,128.1
Maite Maite Ojeda Fuentealba,19943131-5,female,2012-05-12,2016-03-17,65,90.6,129.1
Julián Matías Quiroz Alvarado,16516966-2,male,2004-07-18,2015-04-17,90,91.2,128.5
Maximiliano Lucas Avila Valencia,15166596-9,male,2006-12-17,2010-03-23,82,75.8,107.8
